mission_id,frame,label_idx,pixel_x,pixel_y,heading_label_deg,lat,lon,axis_bearing_deg
F1,1,0,1718,1221,339.0,-0.003367835588032045,36.881939588413665,-77.82087867891693
F1,1,1,1636,1424,313.0,-0.003402113428145717,36.88196334460031,-103.99001128803664
F1,1,2,1938,1356,139.0,-0.003346726061317358,36.88198381665766,82.04743691984233
F1,1,3,2190,1109,252.0,-0.0032806733689262567,36.88197067552262,-164.99651287831918
F1,2,0,1718,1177,349.0,-0.0033624718986953483,36.88193365982613,-67.76552521462587
F1,2,1,1872,1224,288.0,-0.0033427431068547646,36.8819570739095,-129.0882111322088
F1,2,2,1946,1314,140.0,-0.003340291464903286,36.88197903424169,83.05395027016094
F1,2,3,1658,1386,322.0,-0.003393856871957636,36.881960647412846,-94.93286112872464
F1,3,0,1748,1174,309.0,-0.003356784902742003,36.88193535021674,-108.01286714181018
F1,3,1,1762,1229,290.0,-0.003360279959393082,36.88194553713071,-127.08495614139538
F1,3,2,1970,1323,140.0,-0.0033368150947822484,36.88198200956743,83.053950263461
F1,3,3,1663,1375,330.0,-0.003391334013979907,36.88195847801833,-86.87914872477471
F1,4,0,1754,1185,340.0,-0.003356894268025305,36.8819374928869,-76.81478698589939
F1,4,1,1767,1238,298.0,-0.0033603407414190354,36.88194725853041,-119.06311929839316
F1,4,2,1979,1325,144.0,-0.003335506381477189,36.881983033200285,87.08048915844512
F1,4,3,1669,1369,320.0,-0.0033896710404548937,36.881957920126666,-96.94604972860047
F1,5,0,1762,1188,294.0,-0.003355994252107971,36.88193847268777,-123.07575517234524
F1,5,1,1773,1243,285.0,-0.0033599690903311458,36.881948348929846,-132.09136713576373
F1,5,2,1976,1325,157.0,-0.0033360527989856207,36.88198239730113,100.16665368697394
F1,5,3,1663,1369,319.0,-0.003390697239535453,36.88195697355562,-97.95256307113111
F1,6,0,1696,1174,303.0,-0.0033651454035054287,36.881928651576835,-114.04287056357414
F1,6,1,1759,1243,274.0,-0.003362263600948006,36.881946136790596,-143.08498396667437
F1,6,2,1970,1328,143.0,-0.0033373806577488524,36.881981490190014,86.0737978915109
F1,6,3,1650,1364,333.0,-0.003392310546841532,36.881954070690774,-83.85920213385145
F1,7,0,1699,1177,287.0,-0.0033649303987623564,36.881931582822865,-130.0894948013104
F1,7,1,1740,1235,271.0,-0.0033644201869363604,36.88194504235367,-146.0784397533388
F1,7,2,1968,1336,114.0,-0.003338486565079368,36.88198469793243,56.92424485524328
F1,7,3,1652,1364,319.0,-0.003391942703617102,36.881956421809775,-97.95256307846212
F1,8,0,1652,1361,318.0,-0.003391790220680698,36.88195749404567,-98.95901177694324
F1,8,1,1746,1238,281.0,-0.0033639336721997945,36.881947689072845,-136.09230791459365
F1,8,2,1696,1172,279.0,-0.003365049186950025,36.88193202667371,-138.09137319957114
F1,8,3,1970,1328,132.0,-0.0033374929516414888,36.88198518300005,75.00409087848375
F1,9,0,1682,1174,284.0,-0.003366145723581855,36.881932703901164,-133.09195365935517
F1,9,1,1737,1243,295.0,-0.0033645433385501434,36.88194936065653,-122.0729098502187
F1,9,2,1959,1331,122.0,-0.0033382139619252496,36.88198632975598,64.95270838806992
F1,9,3,1652,1364,317.0,-0.0033907520318666113,36.881959779931904,-99.96538788476614
F1,10,0,1685,1172,281.0,-0.00336582557454304,36.88193420782292,-136.0923079527056
F1,10,1,1718,1235,261.0,-0.0033671160563628483,36.881947633178214,-156.0431267532697
F1,10,2,1652,1364,306.0,-0.0033911201748479634,36.88196129089492,-111.02857849550178
F1,10,3,1968,1331,117.0,-0.003337142760190171,36.881988772734694,59.93341186533201
F1,11,0,1682,1177,287.0,-0.0033658580802724087,36.88193361977448,-130.08949480127475
F1,11,1,1696,1243,286.0,-0.003370499944387759,36.88194555411081,-131.09054720039245
F1,11,2,1647,1353,306.0,-0.0033898044513744844,36.88195795402664,-111.02857849536571
F1,11,3,1968,1339,129.0,-0.003337008250019403,36.88198897192789,71.98713283895441
F1,12,0,1970,1336,132.0,-0.003335547342535638,36.88198767098684,75.00409089233018
F1,12,1,1630,1350,311.0,-0.003391382160514223,36.8819546854969,-106.00168903801546
F1,12,2,1699,1232,275.0,-0.0033680450679211237,36.88194308587444,-142.0867192670449
F1,12,3,1674,1180,306.0,-0.00336662197603984,36.881932236399905,-111.02857849365226
F1,13,0,1682,1172,297.0,-0.003365854809434821,36.88193306516159,-120.06658810581732
F1,13,1,1663,1227,292.0,-0.00337462746337939,36.88193983468465,-125.08079756925606
F1,13,2,1644,1350,304.0,-0.0033904894725570837,36.881957406454994,-113.03827425643345
F1,13,3,1968,1331,133.0,-0.003336692213509825,36.88198794074525,76.00998871135657
F1,14,0,1965,1339,121.0,-0.0033360809987145836,36.881988099649405,63.94846796955746
F1,14,1,1639,1347,290.0,-0.0033890513046791115,36.88195561082219,-127.08495617467582
F1,14,2,1655,1232,262.0,-0.0033745031188656847,36.881938999232574,-155.0475186966029
F1,14,3,1671,1169,274.0,-0.003365376204701077,36.881930648184984,-143.08498396630367
F1,15,0,1669,1174,285.0,-0.0033667398651474516,36.88193091465069,-132.09136717111784
F1,15,1,1647,1232,263.0,-0.0033763050663362143,36.881937850071594,-154.05173201570253
F1,15,2,1636,1353,254.0,-0.0033906791475401994,36.881955932587175,-163.00785864239455
F1,15,3,1968,1336,119.0,-0.00333581098141526,36.88198761304899,61.94054934428064
F1,16,0,1973,1334,121.0,-0.0033339951142303662,36.88198761979585,63.948467969608316
F1,16,1,1628,1356,228.0,-0.0033914636099546406,36.881955387372024,171.1586355755048
F1,16,2,1628,1232,264.0,-0.003378535962176391,36.8819356891564,-153.05576174190037
F1,16,3,1666,1166,260.0,-0.0033655778841441154,36.88192913979968,-157.0385616071403
F1,17,0,1633,1177,258.0,-0.003371634283031349,36.88192693962297,-159.0289341054999
F1,17,1,1608,1240,244.0,-0.0033822005419123563,36.88193435865486,-172.94704978797566
F1,17,2,1570,1424,205.0,-0.0034074607363786045,36.88195965308773,148.2723978814107
F1,17,3,1962,1334,110.0,-0.003335386307457854,36.881985950457384,52.91504388996297
F1,18,0,1619,1174,249.0,-0.0033759364942019606,36.88192525456636,-167.97863800820556
F1,18,1,1606,1243,270.0,-0.0033852091581385957,36.881934869425315,-147.07582124820712
F1,18,2,1554,1441,246.0,-0.0034141679064110093,36.881960938048074,-170.95990954120666
F1,18,3,1965,1331,104.0,-0.0033369697563864396,36.88198602587488,46.90804633959323
F1,19,0,1970,1334,92.0,-0.003336642894618584,36.88198592279483,34.91915837823028
F1,19,1,1543,1449,221.0,-0.0034169211558146393,36.881959972334116,164.2011101790501
F1,19,2,1586,1232,265.0,-0.0033874209030022315,36.88192995342068,-152.05960267408665
F1,19,3,1630,1166,256.0,-0.003373503261825683,36.88192402540777,-161.01868312961295
F1,20,0,1608,1177,266.0,-0.0033761680182870057,36.8819220909644,-151.06325031750976
F1,20,1,1575,1238,266.0,-0.003387805184245659,36.88192836382473,-151.06325041133402
F1,20,2,1540,1460,238.0,-0.0034165472956524533,36.881960005479456,-178.90736203330528
F1,20,3,1973,1334,103.0,-0.00333416266384795,36.88198482986162,45.90769382756233
F1,21,0,1970,1339,106.0,-0.0033337163780350625,36.881982756627046,48.9094527638157
F1,21,1,1534,1468,235.0,-0.003416893557083755,36.88195809814271,178.11271010289462
F1,21,2,1573,1235,276.0,-0.0033863649294499257,36.88192512329483,-141.08822753952788
F1,21,3,1575,1177,261.0,-0.00337999827207527,36.88191611672793,-156.04312675329848
F1,22,0,1559,1177,241.0,-0.003382451805893933,36.88191218705952,-175.92735421952725
F1,22,1,1556,1240,280.0,-0.0033894996665794143,36.881921884352,-137.09195745484612
F1,22,2,1532,1465,234.0,-0.0034167953445604776,36.88195514170676,177.11938087872804
F1,22,3,1965,1334,97.0,-0.0033338894366359236,36.88197917180605,39.91049289429953
F1,23,0,1965,1331,99.0,-0.0033355694419474977,36.88197901607601,41.90862683953318
F1,23,1,1523,1473,239.0,-0.0034210615020526065,36.881955801383384,-177.9140457111851
F1,23,2,1532,1224,254.0,-0.0033936626065556755,36.88191717811126,-163.00785854025122
F1,23,3,1548,1177,258.0,-0.003386203775975319,36.88191136876891,-159.02893415553316
F1,24,0,1554,1177,258.0,-0.003386402252168323,36.88191255459862,-159.02893415554408
F1,24,1,1532,1227,264.0,-0.0033951334115649846,36.88191821916689,-153.0557617421372
F1,24,2,1515,1476,240.0,-0.00342381172458759,36.88195601398062,-176.9207125161863
F1,24,3,1970,1334,97.0,-0.0033362406110032062,36.881980574918146,39.910492976229186
F1,25,0,1968,1334,95.0,-0.0033359511441894284,36.88198013759421,37.913280774916466
F1,25,1,1523,1476,248.0,-0.00342192298586669,36.88195661222968,-168.97248024254998
F1,25,2,1532,1227,271.0,-0.0033945240903697775,36.88191798895756,-146.07843975369158
F1,25,3,1545,1180,252.0,-0.0033875450413615475,36.88191186894331,-164.9965128796096
F1,26,0,1551,1177,255.0,-0.003386699539026038,36.88191317724117,-162.01333931844542
F1,26,1,1537,1227,270.0,-0.0033941512808970398,36.881919670267834,-147.07582133794276
F1,26,2,1510,1484,248.0,-0.003425262907618858,36.88195770036118,-168.97248024258556
F1,26,3,1962,1331,100.0,-0.003337024768142482,36.881980203204456,42.90804254493431
F1,27,0,1562,1177,259.0,-0.0033840007183821843,36.881913021769584,-158.03382881054068
F1,27,1,1515,1232,291.0,-0.0033972513336666416,36.88191689168825,-126.08298869588516
F1,27,2,1466,1580,193.0,-0.0034413685839694403,36.88196709946955,136.29225655166002
F1,27,3,1970,1339,101.0,-0.003335639770862781,36.8819810079136,43.90769200788554
F1,28,0,1556,1177,267.0,-0.0033840598737206367,36.88191291966506,-150.06670010776548
F1,28,1,1543,1232,283.0,-0.003391872964521034,36.88192031053193,-134.09230617204562
F1,28,2,1460,1660,176.0,-0.00344976815722887,36.88197970589123,119.26382917081878
F1,28,3,1984,1331,110.0,-0.00333166634059489,36.881981706102465,52.91504385770871
F1,29,0,1970,1331,105.0,-0.00333363960018562,36.881979462976126,47.90863286368771
F1,29,1,1455,1663,167.0,-0.0034506148377751933,36.88197887135034,110.22452073363723
F1,29,2,1507,1227,299.0,-0.003396843346187124,36.88191499486211,-118.05945067905425
F1,29,3,1554,1180,266.0,-0.00338442677269484,36.881912395796064,-151.06325031763566
F1,30,0,1543,1180,264.0,-0.0033869579066101324,36.88191098450047,-153.0557616942826
F1,30,1,1512,1224,289.0,-0.003396502879379034,36.881914763913585,-128.0866976357399
F1,30,2,1455,1660,188.0,-0.0034510740069206712,36.881978122615315,131.29072981608337
F1,30,3,1973,1328,98.0,-0.003333618987758954,36.881979024913,40.90944395540669
F1,31,0,1981,1336,88.0,-0.003335091246191885,36.88198102797212,30.930052136577743
F1,31,1,1488,1693,111.0,-0.003451154466185994,36.88198668602137,53.9170113312211
F1,31,2,1510,1221,279.0,-0.0033984276022549376,36.88191398397734,-138.09137316038243
F1,31,3,1540,1177,270.0,-0.0033890425566767404,36.88191010100693,-147.07582129284145
F1,32,0,1532,1172,270.0,-0.0033901183842229865,36.88190764901843,-147.0758212928439
F1,32,1,1507,1221,262.0,-0.003399225069967765,36.88191284405823,-155.04751869694744
F1,32,2,1575,1740,117.0,-0.0034424584822628328,36.88200233251842,59.93341188849307
F1,32,3,1984,1334,88.0,-0.003334720640312423,36.88198019168365,30.9300521365906
F1,33,0,1979,1328,110.0,-0.003333255583155791,36.88197761248963,52.915043825410145
F1,33,1,1567,1745,107.0,-0.003442620014142464,36.882001190074845,49.91050519367912
F1,33,2,1521,1229,273.0,-0.0033961809693238993,36.88191445644499,-144.08302401566777
F1,33,3,1523,1177,273.0,-0.003390439843293327,36.88190640301756,-144.08302397207103
F1,34,0,1523,1174,269.0,-0.003390213457538671,36.88190497421207,-148.07298949212733
F1,34,1,1510,1224,267.0,-0.0033975052722189873,36.881911570796056,-150.06670010812581
F1,34,2,1992,1323,107.0,-0.0033307416334738536,36.88197721221589,49.910505197611954
F1,34,3,1575,1737,118.0,-0.0034405929347420925,36.88199979544487,60.93688072271394
F1,35,0,1575,1745,105.0,-0.003442223179995118,36.882002980641,47.90863282394877
F1,35,1,1507,1229,281.0,-0.003399302533372192,36.881913968750546,-136.09230795336023
F1,35,2,1521,1177,307.0,-0.0033916422810531277,36.881907158010705,-110.023490868621
F1,35,3,1984,1331,129.0,-0.003333651296252639,36.88197956895361,71.98713285557332
F1,36,0,1987,1334,124.0,-0.0033347459755906717,36.881982773050495,66.961725742718
F1,36,1,1499,1166,297.0,-0.0033952755670225566,36.881905549183,-120.06658810562747
F1,36,2,1521,1224,277.0,-0.0033978039718203217,36.88191704112511,-140.08950702379062
F1,36,3,1575,1748,98.0,-0.0034437976409052774,36.882005874065975,40.90944399209316
F1,37,0,1562,1748,104.0,-0.0034448487733673835,36.88200671419278,46.90804629922819
F1,37,1,1510,1224,283.0,-0.0033985352499008945,36.8819180883665,-134.09230617208814
F1,37,2,1510,1172,305.0,-0.003393113978251718,36.88190982782446,-112.03350832034356
F1,37,3,1987,1336,116.0,-0.0033339265650214854,36.88198527713534,58.93014705393592
F1,38,0,1981,1339,120.0,-0.0033345806604288993,36.8819876224338,62.944413295408495
F1,38,1,1490,1166,291.0,-0.003395068757312796,36.88190929361152,-126.08298866377937
F1,38,2,1504,1224,252.0,-0.0033988765796362304,36.88191995709522,-164.9965128797774
F1,38,3,1565,1742,107.0,-0.0034431252270422865,36.88200856179773,49.91050519370165
F1,39,0,1575,1740,106.0,-0.003441248203642201,36.88201083285077,48.90945279520286
F1,39,1,1504,1221,251.0,-0.003398494572919254,36.88192103371867,-165.99066165097673
F1,39,2,1501,1161,252.0,-0.0033927190410499982,36.881911191652115,-164.99651282813494
F1,39,3,1984,1334,130.0,-0.0033335103616917885,36.881988692016,72.99265595042743
F1,40,0,1992,1336,116.0,-0.003331928304880576,36.88199021071809,58.93014705397329
F1,40,1,1501,1166,267.0,-0.0033927291674366042,36.88191235846554,-150.0667001078554
F1,40,2,1507,1232,278.0,-0.003398650449077859,36.881923464343465,-139.09055600424753
F1,40,3,1575,1740,112.0,-0.003440737053908688,36.882011205381296,54.91920242585603
F1,41,0,1565,1737,105.0,-0.003440832339949421,36.88200882916516,47.90863282406789
F1,41,1,1992,1339,132.0,-0.003331049850358197,36.88198982321442,75.00409087835607
F1,41,2,1490,1227,282.0,-0.003399656715005362,36.88192004551307,-135.09242426750455
F1,41,3,1488,1166,290.0,-0.003393617000721373,36.881910148147234,-127.08495614081808
F1,42,0,1488,1166,313.0,-0.003394050134307255,36.88191054645464,-103.99001128475972
F1,42,1,1493,1227,280.0,-0.003399610067019123,36.88192075449237,-137.09195749405114
F1,42,2,1575,1745,106.0,-0.003440500243420192,36.88201153389819,48.90945276002896
F1,42,3,1998,1342,126.0,-0.0033308361864718213,36.88199131943536,68.97142150364186
F1,43,0,1995,1342,119.0,-0.003330242800403352,36.8819915762658,61.9405493442419
F1,43,1,1471,1155,331.0,-0.0033945489214443755,36.88190760606052,-85.87246323807585
F1,43,2,1493,1221,276.0,-0.0033979113680343747,36.881920368855255,-141.08822758118313
F1,43,3,1567,1748,82.0,-0.0034410192589773305,36.88201174951187,24.952481252790058
F1,44,0,1570,1740,81.0,-0.003439316863095752,36.882012879588046,23.956873244584774
F1,44,1,1490,1227,287.0,-0.0033986281084332527,36.88192310157972,-130.08949480173797
F1,44,2,1466,1155,266.0,-0.0033949599848805286,36.88190917853093,-151.0632503644218
F1,44,3,1987,1339,112.0,-0.0033308208797396626,36.881992361494575,54.919202398867746
F1,45,0,1444,1147,255.0,-0.003398988440220985,36.881906370502556,-162.0133393185536
F1,45,1,1488,1229,272.0,-0.0034005005721998464,36.88192395326312,-145.08084166588668
F1,45,2,1570,1742,106.0,-0.0034408694724808986,36.882013938386045,48.90945279521905
F1,45,3,2006,1353,114.0,-0.003330585935189361,36.88199729416021,56.92424479671093
F1,46,0,2003,1353,109.0,-0.0033327472458204695,36.88199699911896,51.913302330150806
F1,46,1,1438,1155,248.0,-0.003402463574216378,36.88190703564202,-168.9724801898756
F1,46,2,1482,1221,279.0,-0.003402307622610872,36.88192207669736,-138.09137320020713
F1,46,3,1567,1737,106.0,-0.0034425095069919717,36.882012849061915,48.90945279520964
F1,47,0,1548,1279,243.0,-0.0033953974524421693,36.88192152382065,-164.10167938573434
F1,47,1,1617,1325,245.0,-0.003391746621041037,36.88193685266572,-162.1127972729365
F1,47,2,2135,1224,82.0,-0.0033061293035790192,36.881989925777795,34.81938873155211
F1,47,3,1916,1745,89.0,-0.003404705121490979,36.88203393251511,41.80869806527285
F2,0,0,336,1243,61.0,-0.0058113139475749285,36.8750166553162,89.49663046014479
F2,0,1,602,1158,106.0,-0.005823826791055299,36.8750819421917,134.69240520011886
F2,0,2,1194,793,315.0,-0.005814652600830519,36.87524720922007,-16.3954928718977
F2,0,3,1241,859,340.0,-0.005833922915629427,36.87524954437979,8.44392078969872
F2,0,4,1095,1334,268.0,-0.005917247897222263,36.875165067291526,-63.34601253251541
F2,0,5,1104,1575,244.0,-0.0059690220256798324,36.875139581704374,-87.48317282706337
F2,0,6,1296,1748,255.0,-0.00602739953512946,36.875160092905176,-76.41237920774871
F2,0,7,1466,1303,335.0,-0.005953135190587244,36.87524618282891,3.476627358372927
F2,0,8,1526,1243,291.0,-0.005947361048316395,36.87526554551191,-40.31004559952838
F2,0,9,1565,1205,317.0,-0.005943818416839189,36.875278017695905,-14.406984329429843
F2,0,10,2590,1238,270.0,-0.006067950356830134,36.875488650427975,-61.338324437899026
F2,0,11,2346,1915,185.0,-0.006182604781428975,36.875360737388455,-146.67689446711015
F2,1,0,1106,640,306.0,-0.005771713210451167,36.875245418013705,-25.350774231854587
F2,1,1,1139,703,324.0,-0.005788751288126584,36.875245165733354,-7.4503581096657285
F2,1,2,621,1207,101.0,-0.005835653529049027,36.87507959107622,129.68900904985657
F2,1,3,895,1336,127.0,-0.005894141028706208,36.875122249332016,155.6449045771166
F2,1,4,1115,1353,265.0,-0.005922872130535232,36.87516633212622,-66.35894723041471
F2,1,5,1370,1029,307.0,-0.005883803316945453,36.8752564591661,-24.35509538670395
F2,1,6,1430,1089,333.0,-0.005903296494580134,36.875262194654105,1.489962956591951
F2,1,7,1479,1292,341.0,-0.005951642316860678,36.87524939040238,9.43755123393127
F2,1,8,1120,1591,218.0,-0.005973557274816354,36.87514035061324,-113.6410527334399
F2,1,9,1320,1767,224.0,-0.006033481069621368,36.87516219434558,-107.61067414080804
F2,1,10,2401,1183,277.0,-0.006034099089622415,36.87545460605174,-54.31786107536427
F2,1,11,2376,1989,240.0,-0.0062009531226452945,36.87535784793969,-91.51010457903331
F2,2,0,714,1251,108.0,-0.005854834060578717,36.87509401227115,136.69212571149887
F2,2,1,1090,1580,197.0,-0.005967094940136213,36.875135291980634,-134.6924051506915
F2,2,2,1095,1528,182.0,-0.005956717394652175,36.875142242855595,-149.66802367374999
F2,2,3,1126,1616,218.0,-0.005978790846717705,36.87513873327343,-113.64105271634256
F2,2,4,1312,1783,239.0,-0.006035219038403751,36.87515867092543,-92.51682712661122
F2,2,5,2376,2008,233.0,-0.006204237376783849,36.87535565705108,-98.55644055449321
F2,2,6,1068,607,329.0,-0.005759703931431774,36.87524118448877,-2.483285110449371
F2,2,7,1082,659,319.0,-0.005772253657516513,36.87523820749089,-12.418924940065077
F2,2,8,1200,793,319.0,-0.005813959216185559,36.87524767032461,-12.418924939185018
F2,2,9,1266,873,324.0,-0.0058383495655727315,36.875252389522,-7.450358066882176
F2,2,10,1370,1062,330.0,-0.0058900354250726985,36.87525267843807,-1.4899629566131338
F2,2,11,2223,1254,267.0,-0.006027982613278057,36.87540928109163,-64.35014215026999
F2,3,0,818,640,146.0,-0.005835969242283913,36.87510092786585,150.56500028933064
F2,3,1,964,1089,265.0,-0.0059460614463301975,36.87512740957097,-90.60404337551667
F2,3,2,961,1122,265.0,-0.005953900129792955,36.87512609341112,-90.60404337537409
F2,3,3,989,1150,247.0,-0.0059611133578837934,36.87513223450746,-108.71665120198918
F2,3,4,1090,1386,236.0,-0.006019425737054289,36.87515191812459,-119.7655687072295
F2,3,5,1433,234,342.0,-0.005750170104823989,36.875254479525,-13.512305453044426
F2,3,6,1411,278,346.0,-0.005760290372239299,36.87524844770494,-9.53691827059465
F2,3,7,1422,352,310.0,-0.005778194316744457,36.87524970845434,-45.40760547410592
F2,3,8,1441,409,355.0,-0.005792178954859644,36.87525318087577,-0.5959836707352153
F2,3,9,1449,502,317.0,-0.00581457265475523,36.87525338142624,-38.4124980969475
F2,3,10,1932,2082,254.0,-0.0062014132747022456,36.87533925897127,-101.67603852248605
F2,4,0,1543,588,158.0,-0.005822724413939745,36.87509684517271,146.77662940311004
F2,4,1,1573,1057,270.0,-0.005931893322509251,36.87512602279232,-101.47479880738886
F2,4,2,1575,1092,268.0,-0.005940051610690525,36.875128144290535,-103.48702041534533
F2,4,3,1597,1120,215.0,-0.005945608265475105,36.875134619829254,-156.54086546081462
F2,4,4,1647,1375,252.0,-0.006003362670482734,36.875158374977,-119.56487895503881
F2,4,5,2234,223,353.0,-0.005703797859491806,36.87524146095557,-18.285042842557754
F2,4,6,2201,360,0.0,-0.005737673040403179,36.87524020173309,-11.32566294834721
F2,4,7,2168,412,328.0,-0.005751504289122731,36.87523492800069,-43.20791283266057
F2,4,8,2190,486,340.0,-0.0057679082483863605,36.87524357609771,-31.229117829772562
F2,4,9,2157,541,294.0,-0.0057824469300068616,36.87523844405389,-77.31782019692665
F2,5,0,2267,168,346.0,-0.005689390667296839,36.87524504823857,-25.25119829783812
F2,5,1,2212,184,0.0,-0.005695778773497381,36.87523292113123,-11.325662907678293
F2,5,2,2105,214,308.0,-0.0057079407204695,36.875209275154575,-63.24560992235698
F2,5,3,2168,261,340.0,-0.005716028322536693,36.87522625158108,-31.229117831739565
F2,5,4,2187,505,310.0,-0.005772662789678453,36.87524222600085,-61.2379604900593
F2,5,5,1595,763,186.0,-0.005861650335353866,36.87511574566208,174.63593808739898
F2,5,6,1597,1018,268.0,-0.00592168703626936,36.875128257656534,-103.48702042503673
F2,5,7,1597,1054,234.0,-0.005930176231080385,36.87512995791956,-137.59169449103769
F2,5,8,1630,1084,240.0,-0.005935681481653506,36.87513910447329,-131.59098630586956
F2,5,9,1685,1331,268.0,-0.005991311659768119,36.87516365294662,-103.4870204102088
F2,6,0,1677,1317,276.0,-0.005988452937264666,36.875159148686485,-95.4361759800208
F2,6,1,1625,1081,206.0,-0.005935274036292436,36.87513582243505,-165.49360143680764
F2,6,2,1578,1057,218.0,-0.0059318493211606245,36.87512368000545,-153.55377014156247
F2,6,3,1589,1015,286.0,-0.00592142223440244,36.87512427292123,-85.3691326985317
F2,6,4,1606,966,210.0,-0.0059090591838870865,36.87512594062444,-161.51602882212313
F2,6,5,2190,478,331.0,-0.005766215498458987,36.87523968431281,-40.210153960495056
F2,6,6,2105,201,315.0,-0.005704937426281817,36.87520669198285,-56.22238086552038
F2,6,7,2160,201,330.0,-0.005702322295553202,36.87521957476264,-41.2091744261066
F2,6,8,2220,151,352.0,-0.005687678877318989,36.87523126722782,-19.27974139367637
F2,6,9,2269,149,349.0,-0.005684877411644555,36.8752426501544,-22.264734144727402
F2,7,0,2182,39,311.0,-0.005663661153144745,36.87521880744282,-60.234431306874825
F2,7,1,2193,91,316.0,-0.005675400297281061,36.87522383993426,-55.21990298695824
F2,7,2,2160,201,340.0,-0.005702908582084287,36.87522130551451,-31.2291178322226
F2,7,3,2105,198,312.0,-0.005704816279912007,36.87520828104613,-59.23110484766419
F2,7,4,2187,442,342.0,-0.0057584552336737175,36.87523901210457,-29.23569371369703
F2,7,5,1586,996,73.0,-0.005917670756055204,36.87512440361497,61.43869028885377
F2,7,6,1562,1035,257.0,-0.0059280085317205385,36.875120623989936,-114.54510331132877
F2,7,7,1567,1078,219.0,-0.0059379106641434445,36.87512382602146,-152.55770610018934
F2,7,8,1628,1089,203.0,-0.0059376041670651,36.875138633720226,-168.4755705631642
F2,7,9,1682,1320,259.0,-0.005989508917539619,36.875162192288734,-112.53591210380776
F2,7,10,2593,1465,319.0,-0.005980385433293862,36.875382426250354,-52.21380096207053
F2,8,0,70,1196,26.0,-0.005978553724717726,36.87473629146492,13.512305484508383
F2,8,1,75,1287,319.0,-0.005999703584967047,36.87474213533116,-53.21561043187255
F2,8,2,103,1218,30.0,-0.005982022482513966,36.874745133338045,17.489384368251223
F2,8,3,146,1240,43.0,-0.005984973991896505,36.87475631204283,30.431650497573226
F2,8,4,221,1276,72.0,-0.0059895639193483985,36.87477568790896,59.43175375399325
F2,8,5,2368,321,325.0,-0.005653839226987394,36.875228339124625,-47.208197746137415
F2,8,6,2349,354,328.0,-0.005662585515316971,36.875225594637506,-44.20763256543721
F2,8,7,2343,478,338.0,-0.005692067865158913,36.87523056348194,-34.22081680736518
F2,8,8,2294,486,316.0,-0.005696484446962549,36.87521952403546,-56.22238087150843
F2,8,9,2363,705,343.0,-0.005744436950423615,36.87524690008202,-29.235693777065315
F2,8,10,1773,1254,103.0,-0.005904111287866116,36.8751372338528,90.60404340112811
F2,8,11,1688,1298,279.0,-0.005918859254515552,36.8751196314411,-93.42285998550199
F2,8,12,1743,1350,223.0,-0.005928247807919746,36.875135155701145,-149.5683495106883
F2,8,13,1803,1356,211.0,-0.005926555865853775,36.87514948496251,-161.51602882594523
F2,8,14,1839,1589,273.0,-0.0059795089020814735,36.875169868764694,-99.46220938970156
F2,8,15,2656,1605,340.0,-0.005941013835647708,36.875361609967925,-32.22613873035872
F2,9,0,72,1202,16.0,-0.0059784842220239175,36.874736478385074,4.072645755230827
F2,9,1,125,1199,24.0,-0.005975135734772,36.87474877147971,12.02136201914532
F2,9,2,155,1232,36.0,-0.005981440477937139,36.87475744630196,23.956873311354315
F2,9,3,83,1281,307.0,-0.005996606261214877,36.874742968602,-64.75184563197061
F2,9,4,226,1276,59.0,-0.0059883029406318,36.874776289835644,46.90804636351077
F2,9,5,1773,1243,105.0,-0.005903460467489581,36.87513780833708,93.12085128065733
F2,9,6,1682,1281,304.0,-0.0059169728875883496,36.8751183263221,-67.76552519866868
F2,9,7,1737,1353,245.0,-0.005931249347959449,36.8751347990517,-127.0849561391234
F2,9,8,1795,1347,187.0,-0.005926942868710139,36.87514811746702,175.1326443742967
F2,9,9,1850,1575,271.0,-0.005978086396410699,36.87517230729693,-100.97168354922925
F2,9,10,2530,1986,0.0,-0.0060413515894486396,36.87535226568593,-11.822586191072535
F2,9,11,2585,1287,354.0,-0.005873419659366525,36.875330598131264,-17.787746068048072
F2,9,12,2354,313,331.0,-0.005654741074428253,36.87522818956074,-40.709635245019534
F2,9,13,2333,346,332.0,-0.005663585718815148,36.875224892373154,-39.71073045346728
F2,9,14,2335,439,342.0,-0.005685464558830372,36.875229962442766,-29.73397376530083
F2,9,15,2289,475,318.0,-0.005696263234903398,36.875220945028694,-53.716599855581414
F2,9,16,2354,675,357.0,-0.00574029157682124,36.87524609719094,-14.804648288034645
F2,10,0,583,1210,16.0,-0.005951941420941659,36.87473471016086,4.966696111255158
F2,10,1,637,1221,14.0,-0.005952060307346376,36.874747877729575,2.9799532067658925
F2,10,2,665,1243,34.0,-0.005955970113343515,36.87475544835713,22.86190428420694
F2,10,3,596,1298,308.0,-0.005972124786000741,36.87474177159006,-62.84401819417232
F2,10,4,736,1290,60.0,-0.005963809630607251,36.874774244737246,48.809360329616624
F2,10,5,2182,1262,328.0,-0.005890825790013151,36.87511213664551,-42.808090502995846
F2,10,6,2291,1240,87.0,-0.0058806276271643814,36.875136700241136,75.90939381875242
F2,10,7,2250,1345,229.0,-0.005907303946421023,36.875131870709566,-142.1865558768942
F2,10,8,2308,1347,160.0,-0.005905113996678345,36.875145566165514,149.16963227486755
F2,10,9,2349,1441,9.0,-0.005925428973096917,36.875159468732036,-1.9866220388127656
F2,10,10,3095,1616,8.0,-0.00593251126719038,36.87534242658629,-2.9799532068687347
F2,10,11,3062,961,347.0,-0.0057793561383494285,36.875304822718924,-23.857322090327735
F2,10,12,2884,656,7.0,-0.00571550457715564,36.8752491657766,-3.9733085748074704
F2,10,13,2802,442,304.0,-0.005668735058053459,36.87522017522192,-66.86125841884406
F2,10,14,2859,426,344.0,-0.0056623405397684175,36.87523281544496,-26.84463285793367
F2,10,15,2859,319,314.0,-0.005637073863200054,36.87522793697892,-56.823972102590055
F2,10,16,2870,278,311.0,-0.005626887334902682,36.875228647780276,-59.8330761737952
F2,11,0,7,1537,37.0,-0.005976805271161283,36.87474882804504,26.1474471723911
F2,11,1,56,1550,32.0,-0.005977689630926721,36.8747609095843,21.170074325057495
F2,11,2,83,1572,42.0,-0.00598168395339308,36.87476822498163,31.129427260708862
F2,11,3,157,1611,53.0,-0.005987597459425069,36.874787329792014,42.10849129852707
F2,11,4,1592,1471,354.0,-0.005890413112639224,36.8751180451291,-16.594370604723775
F2,11,5,1746,1572,336.0,-0.005907408752382473,36.87515868388204,-34.52009290952729
F2,11,6,1669,1671,183.0,-0.005934248884412887,36.87514499698138,172.35093441192248
F2,11,7,1710,1671,104.0,-0.005932417685827849,36.875154623448566,93.3221906937404
F2,11,8,1814,1539,115.0,-0.005896571291946695,36.87517318570528,104.3923841043109
F2,11,9,2519,1484,358.0,-0.005852083024617361,36.87533627394106,-12.617712382904013
F2,11,10,2149,560,320.0,-0.0056501986588539345,36.87520840825125,-50.51124777373134
F2,11,11,2228,629,312.0,-0.005662980075776259,36.875230017952624,-58.528899140685404
F2,11,12,2179,535,320.0,-0.005642949400944251,36.87521434289804,-50.51124774743642
F2,11,13,2190,497,332.0,-0.005633475881874687,36.87521523976205,-38.51234841119252
F2,11,14,2483,865,352.0,-0.005707375239240859,36.87530035987787,-18.58343751726877
F2,11,15,2289,919,349.0,-0.005728804145046165,36.8752572059296,-21.568110011247743
F2,12,0,380,1122,37.0,-0.005960830238718318,36.87474718016012,23.658224889089492
F2,12,1,423,1133,31.0,-0.005961044116650388,36.87475776947147,17.688290844746017
F2,12,2,456,1166,27.0,-0.005966952140186685,36.8747672343495,13.711115416473541
F2,12,3,522,1207,35.0,-0.005972920956190944,36.87478480183092,21.66762291297262
F2,12,4,380,1207,317.0,-0.0059807108243493095,36.874751811893844,-56.02186777876162
F2,12,5,1962,939,325.0,-0.005831242792923282,36.87510474408763,-48.008704396905344
F2,12,6,1946,1120,337.0,-0.005874454477475626,36.875110889779926,-36.01677000813117
F2,12,7,2009,1098,342.0,-0.005865852845859621,36.875124327358776,-31.02973863411616
F2,12,8,2179,1207,132.0,-0.00588202087478513,36.87516976187123,118.96276133460232
F2,12,9,2086,1320,109.0,-0.0059135521742853525,36.875154313267004,95.83881990388457
F2,12,10,2881,722,356.0,-0.005730074116967754,36.87530642484073,-17.091587391435073
F2,12,11,2876,154,329.0,-0.0055974993182657355,36.87527431234367,-44.00766987838998
F2,12,12,2541,118,324.0,-0.005607456811461586,36.875194522295594,-49.009547600038054
F2,12,13,2464,110,325.0,-0.0056098097809717095,36.87517619745818,-48.00870435526371
F2,12,14,2590,278,329.0,-0.005642191037183879,36.87521462470473,-44.00766987317877
F2,13,0,577,993,50.0,-0.005908050514689866,36.87475073564734,38.7120559013562
F2,13,1,528,1054,23.0,-0.005924719284588931,36.87474205245108,11.82258616083781
F2,13,2,544,1172,33.0,-0.005951832974686441,36.87475123236309,21.76713746560448
F2,13,3,577,1194,43.0,-0.005955497910038346,36.87475998213953,31.72760220685497
F2,13,4,654,1246,52.0,-0.005964206796987782,36.87478042895285,40.7096352824081
F2,13,5,2006,629,347.0,-0.005755945341718845,36.87506905759059,-23.956873274134843
F2,13,6,2031,684,356.0,-0.005767770647798814,36.8750774496363,-15.003487080966154
F2,13,7,2034,815,355.0,-0.005798555137169126,36.87508417938643,-15.997752534443041
F2,13,8,2297,1194,137.0,-0.005875840441149729,36.875163281618605,126.08298865874995
F2,13,9,2223,1317,120.0,-0.005908302538086692,36.875151588663165,109.0182516243811
F2,13,10,2859,294,353.0,-0.005637361802339266,36.875253655174575,-17.98666065624726
F2,13,11,2459,9,,-0.005588610637569889,36.875146753900175,
F2,14,0,3147,113,344.0,-0.005565205711292649,36.875225910793276,-26.844632863069062
F2,14,1,2327,335,8.0,-0.005655266502075199,36.87504369624425,-2.97995316596674
F2,14,2,2327,412,2.0,-0.005673449063718742,36.87504720691606,-8.940727098163133
F2,14,3,2330,535,2.0,-0.005702356233670549,36.87505351854145,-8.940727055921391
F2,14,4,1109,815,46.0,-0.005824519046304651,36.8747798912887,34.81938867972121
F2,14,5,1008,848,12.0,-0.005836947514627729,36.8747577056686,0.9933070033769824
F2,14,6,958,996,20.0,-0.0058741908356770645,36.87475272563469,8.94072709551104
F2,14,7,928,1155,21.0,-0.0059131136572351545,36.87475293825279,9.934394216453118
F2,14,8,1093,1122,25.0,-0.005897747562359291,36.8747901354808,13.909929628796736
F2,14,9,2629,1273,0.0,-0.005862901236754589,36.875157298634775,-10.92814053957324
F2,14,10,2695,1246,35.0,-0.005853496105927825,36.87517154834064,23.857322041155005
F2,14,11,2804,9,,-0.005556391288581827,36.87514071627059,
F2,15,0,2338,6,,-0.005576088628924382,36.8750298419991,
F2,15,1,2343,99,341.0,-0.005597848819543783,36.875035262150675,-29.83363584874632
F2,15,2,2354,206,0.0,-0.005622643563281991,36.87504273066834,-10.928140527255437
F2,15,3,3144,102,345.0,-0.005561742985514797,36.87522352893997,-25.848681106973352
F2,15,4,1246,651,48.0,-0.005778789902533532,36.87480281211336,36.81520195831668
F2,15,5,1032,749,47.0,-0.00581179792706432,36.8747570242891,35.817184353183485
F2,15,6,1043,815,50.0,-0.005826898155430305,36.8747626209989,38.8119130376351
F2,15,7,1090,837,61.0,-0.005829939898414451,36.87477466421247,49.81038953285252
F2,15,8,1279,878,48.0,-0.005830947683871507,36.87482092620442,36.81520198906437
F2,15,9,2648,939,349.0,-0.005782449891036527,36.875145246338114,-21.866653520160416
F2,15,10,2706,972,334.0,-0.005787587024676778,36.87516037529971,-36.815201991907735
F2,16,0,1405,618,80.0,-0.005765001845336667,36.874840017561155,68.8709213301438
F2,16,1,1397,675,66.0,-0.005778828867016494,36.874840739919165,54.81897331755515
F2,16,2,1523,563,25.0,-0.0057465980523436246,36.87486518759051,13.909929590749703
F2,16,3,1578,590,24.0,-0.005750449232956186,36.874879319205846,12.915900773275318
F2,16,4,1677,552,48.0,-0.005736931879636966,36.87490080774748,36.81520200398684
F2,16,5,2623,453,0.0,-0.005670132507801086,36.8751181843559,-10.928140584593656
F2,16,6,2626,588,0.0,-0.00570187332372238,36.87512504309897,-10.928140500911015
F2,17,0,2464,72,322.0,-0.005584723770813902,36.87506537058212,-48.80936036191698
F2,17,1,2571,234,328.0,-0.00561846622874571,36.87509824348722,-42.808090497382054
F2,17,2,1932,289,60.0,-0.005661291276683679,36.87494910345535,48.80936032755491
F2,17,3,1661,398,44.0,-0.005699926765560918,36.87488980612522,32.824452305674015
F2,17,4,1737,401,55.0,-0.005697113429698442,36.87490798445876,43.80771656845024
F2,17,5,1798,431,48.0,-0.005701448961132468,36.87492384805007,36.81520198654249
F2,17,6,1685,475,51.0,-0.005717212415735746,36.87489905568423,39.81061058352675
F2,18,0,1230,2058,59.0,-0.005647338158606653,36.875018704930525,47.808563701362296
F2,18,1,1375,2140,49.0,-0.005660147372036417,36.87505675583456,37.81344409855405
F2,18,2,1611,2132,63.0,-0.005647324139547569,36.875112185732256,51.813140720106574
F2,18,3,1880,1926,53.0,-0.005585845390061742,36.875166318265535,41.80869807210889
F2,18,4,2014,1825,320.0,-0.005555605196373557,36.87519335823181,-50.8116501460744
F2,18,5,1671,1701,2.0,-0.005541959877227041,36.87510656391248,-8.940727059919398
F2,18,6,1499,1320,0.0,-0.005459230776211851,36.87504838812713,-10.928140530505006
F2,18,7,1471,1210,345.0,-0.0054343436437626885,36.87503671276403,-25.84868109194396
F2,18,8,1485,1142,40.0,-0.005417510289218296,36.875036897685405,28.837105582997534
F2,18,9,2023,1534,4.0,-0.005485923882101041,36.875182112501385,-6.953599613425889
F2,18,10,2036,1457,338.0,-0.0054669945809713094,36.87518164737584,-32.82445234536326
F2,18,11,1979,1427,8.0,-0.005462491094962488,36.87516679212527,-2.979953149518431
F2,18,12,1984,1306,350.0,-0.005433458886040032,36.875162413431525,-20.871564024577033
F2,18,13,2738,908,0.0,-0.005303840019544782,36.875322390851984,-10.928140575365541
F2,18,14,2769,1013,339.0,-0.005327398231869858,36.87533454571906,-31.82730526403288
F2,18,15,3454,626,305.0,-0.005203590058472606,36.875478714978385,-65.85667939667916
F2,18,16,3320,151,305.0,-0.005096728574444811,36.875425203549796,-65.85667939588222
F2,18,17,3221,143,300.0,-0.0050994048302915925,36.87540142928836,-70.88121783478135
F2,19,0,1526,804,22.0,-0.005400398228024419,36.87502755404591,10.92814051592195
F2,19,1,1493,859,18.0,-0.005415035659922571,36.87502227253445,6.953599674770989
F2,19,2,1523,1024,327.0,-0.005452971611577914,36.87503696780208,-43.80771652343784
F2,19,3,1680,1062,354.0,-0.005454754927286012,36.87507588508649,-16.89269679058707
F2,19,4,2014,812,14.0,-0.005379696748222149,36.87514345260453,2.9799532237877537
F2,19,5,1981,862,0.0,-0.0053931424892393704,36.875137941002535,-10.928140515691119
F2,19,6,1970,922,342.0,-0.00540795239055552,36.87513809791996,-28.837105586347175
F2,19,7,2034,1133,343.0,-0.005455276737875978,36.87516295927079,-27.840772801005674
F2,19,8,1545,1501,50.0,-0.005565639700256327,36.87506412677873,38.81191301715924
F2,19,9,1573,1597,51.0,-0.005587222974235771,36.875075173311494,39.81061056905504
F2,19,10,1677,1770,46.0,-0.005623637340919528,36.875107755680204,34.81938871405882
F2,19,11,1907,1748,48.0,-0.00560773840390538,36.87516119409157,36.81520194698944
F2,19,12,1992,1627,60.0,-0.005574961583446575,36.875175749025644,48.80936033097443
F2,19,13,2045,1575,55.0,-0.005560112601107809,36.875185903444454,43.80771655075728
F2,19,14,2017,1534,42.0,-0.005551637926831802,36.87517738790772,30.830367676574358
F2,19,15,2727,398,0.0,-0.005247992702060472,36.87529319861734,-10.9281405599962
F2,19,16,2777,667,356.0,-0.005309789259082973,36.87531741462142,-14.904067145628787
F2,19,17,3449,286,346.0,-0.0051878498308912365,36.8754589727831,-24.85291258337678
F2,20,0,2780,195,5.0,-0.005196345700331414,36.875294208606384,-5.9601237874200965
F2,20,1,2785,662,325.0,-0.005307417987458023,36.8753168827769,-45.807671436312035
F2,20,2,1959,615,345.0,-0.005334483226379563,36.875119170495935,-25.848681102230458
F2,20,3,1910,684,356.0,-0.005353198644722488,36.8751107453556,-14.904067143263362
F2,20,4,1968,736,358.0,-0.0053629051914877235,36.87512686937107,-12.91590085540468
F2,20,5,1946,804,339.0,-0.005380131408947484,36.87512479026421,-31.827305301705294
F2,20,6,1499,716,307.0,-0.005379866376451577,36.87501491670549,-63.848054046793465
F2,20,7,1586,865,336.0,-0.005411348207127559,36.875042370014484,-34.81938868520546
F2,20,8,1499,859,25.0,-0.005413948735677155,36.87502149729518,13.90992956833633
F2,20,9,1537,1013,350.0,-0.0054488923414051,36.87503758030481,-20.871564037676663
F2,20,10,1592,1468,60.0,-0.0055547881580060975,36.87507153939054,48.8093603098193
F2,20,11,1614,1572,38.0,-0.0055785561068868745,36.875081533612274,26.844632833769904
F2,20,12,1927,1635,74.0,-0.005579070670249798,36.87515853320301,62.844018229065476
F2,20,13,2003,1652,58.0,-0.005579601472368389,36.87517730795238,46.80800049338858
F2,20,14,2023,1591,305.0,-0.005564136278640187,36.8751792357007,-65.85667937025495
F2,20,15,1981,1468,308.0,-0.005536766469378039,36.875163632281854,-62.84401825452531
F2,20,16,2088,1523,257.0,-0.0055449179464979355,36.875191494741564,-114.14332063721065
F2,21,0,1905,234,352.0,-0.0052415194869164395,36.87510457614775,-18.285042836323317
F2,21,1,1874,357,6.0,-0.005272170785626638,36.875102582848235,-4.370659269182332
F2,21,2,1861,442,11.0,-0.005292984382713995,36.875103198070185,0.5959836578725195
F2,21,3,1853,519,20.0,-0.00531167396748966,36.87510464884774,9.536918239493069
F2,21,4,2695,204,353.0,-0.005199839836107145,36.87529017618231,-17.29048324168282
F2,21,5,2711,689,328.0,-0.005314657776892114,36.87531502102748,-42.20842704215533
F2,21,6,1411,722,333.0,-0.0053793462285514106,36.875008892563905,-37.21447173957362
F2,21,7,1389,752,330.0,-0.00538745334598712,36.87500499032697,-40.210153955582946
F2,21,8,1455,782,337.0,-0.005391713610646855,36.87502190762937,-33.22337063373177
F2,21,9,1474,856,359.0,-0.005408508370623957,36.87502961595532,-11.325662919059376
F2,21,10,1757,1281,329.0,-0.00549736380189342,36.87511502387965,-41.20917443246127
F2,21,11,1532,1495,50.0,-0.005558170055277162,36.87507108432464,39.41110397560655
F2,21,12,1669,1520,55.0,-0.005558135708463453,36.87510458210192,44.40760455095318
F2,21,13,1995,1550,276.0,-0.0055510302717226585,36.87518301167958,-94.4295361634516
F2,21,14,1987,1600,176.0,-0.005563288992680806,36.87518329007402,165.6924288115517
F2,21,15,1877,1660,90.0,-0.005582388367140326,36.875159870945666,79.5314537510621
F2,21,16,1951,1685,107.0,-0.005585108017199538,36.87517846382547,96.64408430669783
F2,22,0,1921,33,9.0,-0.005192563859542688,36.87510005923297,-1.3906315190932532
F2,22,1,1927,138,14.0,-0.00521731048897117,36.87510603801466,3.575962987657344
F2,22,2,1916,234,14.0,-0.005240656639141396,36.87510760404552,3.575962987516391
F2,22,3,2706,187,4.0,-0.005194927925928061,36.87529246591294,-6.357507952700436
F2,22,4,2695,651,337.0,-0.005305924368121742,36.875310011091386,-33.223370645613386
F2,22,5,1466,620,34.0,-0.00535226557996682,36.87501790122849,23.459134525251432
F2,22,6,1400,733,345.0,-0.005382065075526063,36.875007193214415,-25.251198380461076
F2,22,7,1449,782,332.0,-0.005391593904885784,36.87502091357067,-38.21280433563898
F2,22,8,1466,848,4.0,-0.005406570652203968,36.8750278013525,-6.3575078666121705
F2,22,9,1540,1375,355.0,-0.005528856733244265,36.875068191873794,-15.301754193387028
F2,22,10,1732,1243,324.0,-0.005489023821246402,36.875107884672474,-46.20777495397687
F2,22,11,1918,1161,351.0,-0.005461362201731728,36.87514832903693,-19.279741353637007
F2,22,12,1715,1410,1.0,-0.005529543046871754,36.875111114122646,-9.338184924264889
F2,22,13,1773,1561,337.0,-0.0055629728225248505,36.87513139275284,-33.22337059426457
F2,22,14,1861,1616,353.0,-0.005572225877520356,36.87515460047999,-17.29048323057689
F2,22,15,1990,1627,192.0,-0.00556920672261189,36.87518559766951,-178.41070548128243
F2,23,0,1565,1309,19.0,-0.005511002493040314,36.875070252531465,8.543280664295994
F2,23,1,1680,1144,328.0,-0.005466675632558088,36.87509029532055,-42.20842702542652
F2,23,2,1411,727,333.0,-0.005379113643111113,36.87500854696844,-37.21447170603331
F2,23,3,1449,793,334.0,-0.005393172391471466,36.87502040304943,-36.21636455874379
F2,23,4,1482,694,353.0,-0.0053681499876826275,36.87502391163861,-17.29048315459104
F2,23,5,1482,609,31.0,-0.005347904675664399,36.8750202208029,20.473572066536924
F2,23,6,2324,426,50.0,-0.005267510322968436,36.87521147978826,39.411103950998424
F2,23,7,2662,300,9.0,-0.00522272421332586,36.8752859746249,-1.3906316030695944
F2,23,8,2730,143,33.0,-0.005182357363069456,36.87529524526005,22.463784214711673
F2,23,9,1729,1303,356.0,-0.005502404277468242,36.875108792052444,-14.307571148577054
F2,23,10,1737,1410,3.0,-0.005527539838707284,36.87511533084868,-7.35100523408679
F2,23,11,1814,1364,335.0,-0.005513217556021349,36.87513155055214,-35.218480489295715
F2,23,12,1927,1539,338.0,-0.005549959372078728,36.87516588351272,-32.226138746636714
F2,24,0,1562,563,57.0,-0.005334625057333572,36.8750376357048,46.40784081052112
F2,24,1,1477,684,9.0,-0.005367160564510136,36.87502277993569,-1.3906315607015416
F2,24,2,1397,716,2.0,-0.005378279467921983,36.875005242572854,-8.344561625614391
F2,24,3,1444,774,317.0,-0.00539003934702644,36.87501888055214,-53.215610481681246
F2,24,4,1674,1153,325.0,-0.005470255346308228,36.875089752042285,-45.20758650268501
F2,24,5,1556,1317,11.0,-0.005514475169357359,36.875068956074585,0.5959836576569003
F2,24,6,1721,1303,345.0,-0.005503927798418203,36.875107384808466,-25.251198339672104
F2,24,7,1726,1419,355.0,-0.005531338123638108,36.875113604642046,-15.301754193624076
F2,24,8,1792,1342,338.0,-0.00551011311316686,36.87512587583359,-32.22613871153147
F2,24,9,1839,1405,324.0,-0.005523063892975488,36.87513973092087,-46.20777498320371
F2,25,0,1754,343,47.0,-0.005273015248592611,36.87507341135673,36.41596809328346
F2,25,1,1603,527,48.0,-0.005323441244260558,36.87504567649372,37.414120183423464
F2,25,2,1532,585,60.0,-0.0053403594032243595,36.87503139736347,49.409949982454066
F2,25,3,1482,662,57.0,-0.0053608849859162755,36.87502291154271,46.407840780952704
F2,25,4,1669,1153,342.0,-0.005469656873186047,36.875088473067684,-28.23928248249796
F2,25,5,1554,1320,23.0,-0.005514460093950963,36.8750685171218,12.518318152023577
F2,25,6,1721,1309,0.0,-0.0055045398349637285,36.875107549291805,-10.331882765986908
F2,25,7,1735,1353,6.0,-0.0055144077618788315,36.875112772041504,-4.370659267453596
F2,25,8,1795,1358,334.0,-0.0055129758084177995,36.87512718428993,-36.21636455687269
F2,25,9,1836,1424,339.0,-0.005526903414067381,36.87513975012795,-31.229117821411
F2,26,0,1885,77,28.0,-0.005204961921034382,36.875091902796484,17.48938430089762
F2,26,1,1781,283,32.0,-0.005258573310716131,36.87507624273528,21.468598670081942
F2,26,2,1721,376,47.0,-0.005283346918031968,36.875066085803326,36.41596809303333
F2,26,3,1674,448,47.0,-0.005302550457309098,36.8750580926316,36.41596812632063
F2,26,4,1554,1323,16.0,-0.005516203789356947,36.87506769624773,5.562747388485787
F2,26,5,1663,1147,326.0,-0.005469519232736271,36.87508584188521,-44.2076325293274
F2,26,6,1718,1303,358.0,-0.005504271051805624,36.87510562786636,-12.319532817038928
F2,26,7,1729,1353,0.0,-0.005515699202277429,36.8751104013886,-10.331882807175623
F2,26,8,1792,1361,339.0,-0.005514850646532176,36.87512565365885,-31.229117857565445
F2,26,9,1828,1408,329.0,-0.0055244714006762105,36.87513621155816,-41.20917440043353
F2,27,0,1861,102,32.0,-0.005211965566235904,36.87508731028022,21.46859867147418
F2,27,1,1828,179,30.0,-0.005231748006914485,36.875082846415914,19.478698350469237
F2,27,2,1661,1111,359.0,-0.005461032176118596,36.875083805536384,-11.325662959524285
F2,27,3,1565,1298,32.0,-0.005509768429225037,36.87506921315023,21.46859866215107
F2,27,4,1762,1243,62.0,-0.0054880568169328936,36.87511343234022,51.41251697848009
F2,27,5,1773,1287,50.0,-0.0054980558865563465,36.87511794533289,39.41110397639715
F2,27,6,1872,1246,59.0,-0.005483962791382129,36.87513958702916,48.40901371579776
F2,27,7,1828,1402,345.0,-0.005523042319827919,36.875135951028575,-25.25119830145237
F2,28,0,1702,843,13.0,-0.005395407614546041,36.875081868561125,2.582618290396781
F2,28,1,2003,1111,54.0,-0.005446081907360491,36.87516471783692,43.40783806333361
F2,28,2,2146,1109,39.0,-0.00543935441130721,36.87519846274512,28.438549036103517
F2,28,3,1940,1172,51.0,-0.005463364892862105,36.87515246165685,40.409939538135475
F2,28,4,1850,1194,78.0,-0.00547253913722529,36.8751321242213,67.46408790060748
F2,28,5,1858,1312,67.0,-0.005500294680019332,36.8751391406551,56.42290260831468
F2,29,0,1751,662,7.0,-0.005352149207339819,36.87508524940724,-3.377291994288042
F2,29,1,1896,1240,26.0,-0.005483305048475195,36.87514457343795,15.500604872475606
F2,29,2,2028,1114,55.0,-0.005447571400824236,36.875170297554085,44.40760456055778
F2,29,3,2080,1070,68.0,-0.005434835203459019,36.875180675712976,57.425640825062146
F2,29,4,2173,1018,40.0,-0.005418406172450284,36.87520039414052,29.434999762633495
F2,29,5,2250,925,6.0,-0.005392923175431152,36.87521455427379,-4.370659219303492
F2,30,0,1861,363,0.0,-0.005276490376020556,36.875098671351026,-10.331882802463387
F2,30,1,2130,1032,50.0,-0.0054238785449650774,36.87519123933888,39.41110395021262
F2,30,2,2267,854,45.0,-0.005375557630656001,36.8752158898823,34.42033201835385
F2,30,3,2258,922,26.0,-0.005392125364377026,36.87521671219066,15.500604793045305
F2,30,4,2327,771,12.0,-0.0053531954435422305,36.87522646702077,1.5892945056927965
F2,30,5,2376,653,16.0,-0.005322988198882801,36.87523292741358,5.562747391305963
F2,31,0,1518,217,9.0,-0.005242818464970715,36.87509960215382,-1.489962944813587
F2,31,1,2119,442,16.0,-0.005269547657038636,36.875249797548804,5.463404450435305
F2,31,2,2080,557,28.0,-0.005298304158711262,36.8752456644355,17.389933099436995
F2,31,3,2064,623,27.0,-0.005314529579539788,36.87524478396483,16.39549286074114
F2,31,4,2009,747,20.0,-0.005346101173735255,36.87523730156201,9.437551202600634
F2,31,5,1855,985,69.0,-0.005408810271675191,36.87521162109691,58.32828771992469
F2,32,0,1916,179,9.0,-0.0051997117747370385,36.87527306727058,-1.688626180689568
F2,32,1,1869,264,18.0,-0.005221784571361566,36.87526584171604,7.251652954484337
F2,32,2,1847,324,20.0,-0.005236868848767378,36.875263351492364,9.238819378641379
F2,32,3,1784,513,21.0,-0.005284104441992304,36.875256978598145,10.23250949722174
F2,32,4,1581,1002,35.0,-0.00540809418702404,36.87523114834576,24.15598078590946
F2,32,5,1181,278,7.0,-0.005255640924120507,36.87510578307694,-3.6752988921515186
F2,33,0,1959,97,19.0,-0.005179177643399352,36.875279617327124,8.245203112108404
F2,33,1,1877,250,32.0,-0.005218740138207889,36.87526723513452,21.170074279947254
F2,33,2,1762,596,22.0,-0.005305083214014084,36.8752556617157,11.226280985695661
F2,34,0,1490,121,350.0,-0.005037129750926383,36.8750977404976,-21.17007428997015
F2,34,1,1554,297,339.0,-0.005075527775849841,36.87512091517308,-32.12642724322234
F2,34,2,2341,275,353.0,-0.005033354546215447,36.87530380222848,-18.185580673543786
F2,34,3,2343,385,0.0,-0.005059139716956474,36.87530940616441,-11.226280935668788
F2,34,4,2322,461,9.0,-0.005078007109928845,36.875308047558036,-2.284619258486804
F2,34,5,2300,651,7.0,-0.0051237417671589815,36.87531177860014,-4.271321099161976
F2,34,6,2234,895,24.0,-0.005184249224181968,36.87530774884501,12.61771233072428
F2,34,7,2854,492,322.0,-0.005060290664415424,36.875433818440065,-49.109644725826634
F2,34,8,3010,354,102.0,-0.005020490378313452,36.87546383010492,90.70471715361688
F2,34,9,3106,310,56.0,-0.005005625677899137,36.87548420976391,44.50759408858851
F2,34,10,3046,475,78.0,-0.005047265105738283,36.8754778931709,66.55986652821547
F2,34,11,3144,497,119.0,-0.005047833899237002,36.87550182214381,107.81177338191775
F2,34,12,3183,472,122.0,-0.005040118848843668,36.87550976867159,110.82757335807366
F2,35,0,1285,17,,-0.004840950805811025,36.87515196580076,
F2,35,1,890,475,318.0,-0.004964702824183809,36.87507670901405,-51.112073202081085
F2,35,2,972,629,353.0,-0.004997985028820386,36.875101924410274,-16.196620196504952
F2,35,3,994,738,345.0,-0.00502293919421465,36.87511129611002,-24.155980833839823
F2,35,4,1024,705,339.0,-0.005013962883232088,36.87511708055165,-30.132634028018852
F2,35,5,1104,933,0.0,-0.005064843071434005,36.875144675467894,-9.23881932000172
F2,35,6,1608,310,0.0,-0.00489779912476379,36.87523921217559,-9.238819406282685
F2,35,7,1861,686,2.0,-0.0049770127456174535,36.87531319259097,-7.25165295563246
F2,35,8,1850,793,4.0,-0.00500277284116229,36.875314726401804,-5.2647198153650265
F2,35,9,1861,870,356.0,-0.005020577084913194,36.87532027876788,-13.214098487221769
F2,35,10,1913,1068,355.0,-0.005065439990374573,36.87534013335264,-14.208159110884198
F2,35,11,1916,1232,0.0,-0.005104152761255016,36.87534715482613,-9.238819361750538
F2,35,12,2453,1177,55.0,-0.0050703105802719865,36.87547132711908,45.507618397232754
F2,35,13,2566,1062,132.0,-0.005038701702127846,36.875493473342544,122.8752031619953
F2,35,14,2673,1021,46.0,-0.005024845893073566,36.8755170583751,36.51577319752062
F2,35,15,2697,1139,53.0,-0.005051853380121265,36.87552724703682,43.50780411321959
F2,35,16,2758,1188,128.0,-0.005061089698825449,36.87554347995837,118.86240139900994
F2,35,17,2711,1229,128.0,-0.005072619225002455,36.875534005589905,118.8624014206353
F2,36,0,890,475,325.0,-0.004964520321834408,36.87507455923483,-44.107649997396585
F2,36,1,980,642,342.0,-0.005000618401471111,36.87510219355249,-27.143454788693997
F2,36,2,1024,749,323.0,-0.005024277616673072,36.87511668145595,-46.107745571376135
F2,36,3,1035,694,354.0,-0.005010811227047635,36.87511715088623,-15.202330667209829
F2,36,4,1115,801,0.0,-0.005033072809016471,36.87514011649174,-9.238819290343752
F2,36,5,1619,321,5.0,-0.004899708110789081,36.875240293961234,-4.2713210709154215
F2,36,6,1833,398,333.0,-0.004909655026709087,36.875293658560274,-36.116566177732075
F2,36,7,1894,502,338.0,-0.004931943011978784,36.87531203413329,-31.129427202638986
F2,36,8,1718,574,354.0,-0.004955845560514838,36.8752733641438,-15.202330710184583
F2,36,9,1850,755,0.0,-0.004993632171497076,36.87531142899936,-9.238819374873653
F2,36,10,1869,884,339.0,-0.00502347769934059,36.87532087800119,-30.132634008300883
F2,36,11,2684,1035,39.0,-0.0050276357374070355,36.875518626806695,29.53465574927112
F2,36,12,2722,1133,50.0,-0.0050493941821049965,36.87553135469059,40.50983575262451
F2,36,13,2749,1202,120.0,-0.005064704395662652,36.8755403738313,110.82757339451734
F2,36,14,2714,1235,101.0,-0.005073886806770373,36.87553340420817,91.71145033618691
F2,36,15,2585,1155,92.0,-0.0050599286870478795,36.87549994071588,82.65133766588926
F2,36,16,2593,1089,105.0,-0.0050439708998535095,36.875499279475264,95.73815961610445
F2,37,0,1397,190,351.0,-0.004820024068774336,36.87515510196789,-21.070569247417556
F2,37,1,1002,681,338.0,-0.004955550081202035,36.875087642879855,-34.02131021518127
F2,37,2,1087,862,350.0,-0.0049937865163498674,36.875116634291125,-22.065690513700247
F2,37,3,1134,914,0.0,-0.005003623695357316,36.875130236902436,-12.120751243192508
F2,37,4,1106,966,331.0,-0.005017273546752128,36.87512632325621,-41.009351799447415
F2,37,5,1213,1013,0.0,-0.005022884967300632,36.87515368639695,-12.1207512429268
F2,37,6,1740,588,2.0,-0.004896166842697102,36.87525530678929,-10.13313685795673
F2,37,7,1825,631,21.0,-0.004901956150702987,36.87527732984655,8.742002474362014
F2,37,8,1921,618,0.0,-0.004894019316615752,36.87529909421704,-12.120751245733691
F2,37,9,1973,716,339.0,-0.004914418026504748,36.87531618736353,-33.023907229954915
F2,37,10,1938,785,0.0,-0.004932420837188449,36.87531149728702,-12.12075124508912
F2,37,11,1959,867,348.0,-0.0049506334659114495,36.8753205424553,-24.05642615000773
F2,37,12,2769,1350,31.0,-0.0050230215490058615,36.87553410727576,18.682905183984897
F2,37,13,2813,1408,11.0,-0.005034421979558402,36.875547312208695,-1.191969078741244
F2,37,14,2799,1479,78.0,-0.005051827490191259,36.87554762767494,65.65578447265122
F2,37,15,2832,1526,117.0,-0.005061200747489212,36.87555770810826,104.89532448641093
F2,37,16,2782,1553,119.0,-0.0050700908800489965,36.87554739397686,106.90678436363781
F2,37,17,2670,1408,92.0,-0.0050416914749311734,36.87551391454433,79.73271460766524
F2,38,0,1400,176,354.0,-0.004816354166621049,36.87515421932528,-18.086120029982272
F2,38,1,1030,571,22.0,-0.0049281860863827215,36.87508766293329,9.735654706206336
F2,38,2,1082,854,333.0,-0.004992167838685963,36.87511413291322,-39.011634112369364
F2,38,3,1109,963,335.0,-0.005016456102805574,36.8751259584812,-37.01483232842787
F2,38,4,1126,911,0.0,-0.005003348012389625,36.87512730486672,-12.12075127835209
F2,38,5,1205,993,353.0,-0.005018632499584393,36.87514992602213,-19.080790172994675
F2,38,6,1740,588,3.0,-0.004896047159699718,36.875254563867735,-9.139454552397103
F2,38,7,1820,629,17.0,-0.004901627818734837,36.875275345819425,4.768015584286212
F2,38,8,1927,618,353.0,-0.004893591354128107,36.87529981276749,-19.08079025759331
F2,38,9,1962,705,325.0,-0.0049122927734616935,36.8753123968479,-47.00809442583967
F2,38,10,1932,760,11.0,-0.00492676891864356,36.87530816195594,-1.1919690835283638
F2,38,11,1946,823,5.0,-0.004940888815164317,36.875314621452205,-7.1523012709791365
F2,38,12,2662,1399,114.0,-0.005040053858272032,36.87551119002228,101.87727448762749
F2,38,13,2763,1358,30.0,-0.005025259697861241,36.875532736927134,17.688290798429612
F2,38,14,2818,1394,4.0,-0.005030935753996678,36.8755474195389,-8.14584527228802
F2,38,15,2793,1479,88.0,-0.005052220498297695,36.87554587082906,75.70820741151144
F2,38,16,2837,1526,117.0,-0.005061046300082344,36.875558537157005,104.89532450760065
F2,38,17,2791,1553,117.0,-0.005069744657078304,36.87554914473608,104.89532449758931
F2,39,0,1416,217,345.0,-0.004824597648174505,36.87515692652485,-28.139652145063685
F2,39,1,1054,541,13.0,-0.004920480720737199,36.875090558028305,-0.29799166247218223
F2,39,2,1079,881,340.0,-0.00499869287372855,36.87511506112677,-33.12363784392066
F2,39,3,1112,993,348.0,-0.00502308639712892,36.8751288914629,-25.151624207132503
F2,39,4,1126,930,16.0,-0.005007563030001147,36.87512868390699,2.681951687205258
F2,39,5,1200,1037,4.0,-0.005028517087230979,36.87515177344009,-9.238819343974908
F2,39,6,1740,620,14.0,-0.004901011734197539,36.87525442147275,0.6953143717851927
F2,39,7,1831,659,22.0,-0.004905105879834841,36.875277726215074,8.642641224895476
F2,39,8,1932,640,4.0,-0.004895068542848897,36.87530016809867,-9.238819346098177
F2,39,9,1959,722,326.0,-0.004912770960564919,36.87531095412139,-47.108144936957544
F2,39,10,1943,769,10.0,-0.004924659329942359,36.87530981708869,-3.2779568717221292
F2,39,11,1949,870,5.0,-0.004947971881040144,36.875316764242136,-8.245203041603247
F2,39,12,2659,1460,129.0,-0.005046802319383849,36.87551429804525,115.85069863604052
F2,39,13,2760,1405,42.0,-0.005028337207249443,36.87553476102404,28.53818519802877
F2,39,14,2818,1438,3.0,-0.005032852945176479,36.875550062205505,-10.232509456049911
F2,39,15,2804,1542,88.0,-0.005057974611769401,36.875552523514116,74.60176434202523
F2,39,16,2818,1594,126.0,-0.005069373304117729,36.87555863745968,112.83733444378348
F2,39,17,2777,1616,120.0,-0.005076792552998947,36.87555031274556,106.80622335453974
F2,40,0,1389,269,336.0,-0.0048128197508551145,36.87515390805128,-36.116566148233886
F2,40,1,1027,609,14.0,-0.0049112826841250365,36.87508670192074,1.688626220896814
F2,40,2,1043,917,342.0,-0.004982853537577823,36.87510611538858,-30.132633982049093
F2,40,3,1123,1002,1.0,-0.00499873184099269,36.87512911906111,-11.226280996652086
F2,40,4,1104,1068,335.0,-0.005015217825295253,36.875128042879446,-37.11465089988177
F2,40,5,1191,1098,2.0,-0.00501781048077875,36.875149881125765,-10.232509455131636
F2,40,6,1732,689,4.0,-0.004893957110403558,36.87525536458756,-8.245203084035678
F2,40,7,1811,736,7.0,-0.004900955328722349,36.87527620048965,-5.2647198560309185
F2,40,8,1902,684,353.0,-0.004884070128319611,36.875294798547586,-19.180265117597678
F2,40,9,1946,782,330.0,-0.004904848740311911,36.87531005933924,-42.10849129752152
F2,40,10,1938,834,356.0,-0.004917480529085547,36.87531083859525,-16.196620240262295
F2,40,11,1935,925,11.0,-0.0049390224542836415,36.875314770371,-1.2913002633146915
F2,40,12,2769,1441,31.0,-0.005017561428023107,36.87553574323463,18.583437452981308
F2,40,13,2804,1468,7.0,-0.005022113766426408,36.87554528876843,-5.264719855321096
F2,40,14,2664,1509,83.0,-0.005038924631785781,36.87551469115992,70.57963485318501
F2,40,15,2793,1583,83.0,-0.005049706499649447,36.875548574520025,70.57963486439334
F2,40,16,2829,1635,143.0,-0.005060083467795745,36.87555962608704,130.8903552600998
F2,40,17,2769,1649,110.0,-0.005066448713569291,36.87554633103031,97.75126531162164
F2,41,0,1370,267,323.0,-0.004814209270449937,36.87515021607376,-49.10964469596552
F2,41,1,1010,612,4.0,-0.004913612349567738,36.875083819908994,-8.245203073001342
F2,41,2,994,684,25.0,-0.004931331181152133,36.87508374962307,12.61771232767694
F2,41,3,1013,851,333.0,-0.0049695573897926395,36.8750966689462,-39.11149811720061
F2,41,4,1085,1057,344.0,-0.005014225341554768,36.87512392782715,-28.139652147579543
F2,41,5,1181,1111,351.0,-0.00502198727512565,36.875149055393294,-21.170074278971818
F2,41,6,1718,686,346.0,-0.0048947479804095795,36.87525265243344,-26.147447175782847
F2,41,7,1800,725,17.0,-0.004899705570624977,36.875273753362876,4.668675947991055
F2,41,8,1896,675,346.0,-0.00488305640954092,36.875293594080325,-26.147447176855245
F2,41,9,1938,782,321.0,-0.004906022207555908,36.87530882576561,-51.11207323710611
F2,41,10,1921,823,14.0,-0.004916515832844868,36.875306946441356,1.6886261580933093
F2,41,11,1927,919,11.0,-0.004938742084864464,36.87531322551386,-1.2913002329162186
F2,41,12,2760,1413,353.0,-0.005012063771692297,36.875532552616725,-19.180265071932816
F2,41,13,2807,1449,10.0,-0.005018108414731587,36.87554534076481,-2.2846193086755897
F2,41,14,2653,1506,92.0,-0.005039368936082328,36.87551233314967,79.632083750864
F2,41,15,2793,1561,89.0,-0.005045113773499631,36.87554777018374,76.61358095476405
F2,41,16,2815,1627,134.0,-0.005059479520616496,36.87555625461568,121.87231526377418
F2,41,17,2771,1649,115.0,-0.0050668952242251,36.875547114354696,102.78278847322426
F2,42,0,1246,330,343.0,-0.004817427443516011,36.87515015316521,-27.043845616957118
F2,42,1,884,684,8.0,-0.004916527406312427,36.8750800940823,-2.185286668145313
F2,42,2,914,697,15.0,-0.004918324856394639,36.87508768913736,4.7680155479427855
F2,42,3,893,755,57.0,-0.004932931749459814,36.87508520807266,46.60791601463384
F2,42,4,898,897,325.0,-0.004966293484719275,36.875092382913074,-45.007576898192355
F2,42,5,1087,1185,3.0,-0.00502634765546674,36.875148941017095,-7.152301217202445
F2,42,6,1606,708,36.0,-0.004891486471955058,36.87525067497619,25.64951287306196
F2,42,7,1696,769,21.0,-0.0049020804969897094,36.875274389804886,10.729384590564235
F2,42,8,1795,730,340.0,-0.004888647665633589,36.87529599260266,-30.032965893489184
F2,42,9,1781,766,337.0,-0.004897755088308672,36.87529422587305,-33.02390717989748
F2,42,10,1828,870,6.0,-0.00492034533897652,36.875309658922724,-4.171983209141627
F2,42,11,1822,955,358.0,-0.00494069797223151,36.87531184166298,-12.120751292474267
F2,42,12,2684,1416,16.0,-0.005013025302450495,36.87553376902827,5.761434666567311
F2,42,13,2727,1479,27.0,-0.005026091691728044,36.875546530095356,16.693811382181647
F2,42,14,2577,1520,93.0,-0.0050421670562579,36.875513034108174,82.75198993824598
F2,42,15,2717,1594,83.0,-0.0050537076867953595,36.87554904113086,72.69098484165117
F2,42,16,2749,1652,126.0,-0.005066059841766296,36.875559007484355,115.95111625743719
F2,42,17,2706,1671,120.0,-0.005072381513083611,36.87554971152691,109.92297365200334
F2,43,0,1255,332,348.0,-0.004818608421681861,36.875152195305894,-22.06569054061902
F2,43,1,917,684,24.0,-0.004916084350052011,36.87508777428421,13.711115387929524
F2,43,2,879,689,18.0,-0.004918879421797097,36.87507907262511,7.7484203045448
F2,43,3,917,741,36.0,-0.004929543447142569,36.8750901797464,25.649512973668084
F2,43,4,868,826,9.0,-0.004951695820272499,36.87508227419275,-1.1919690271972254
F2,43,5,1085,1185,341.0,-0.005027245164885498,36.87514832038996,-29.036395730776743
F2,43,6,1592,736,36.0,-0.004899685108636827,36.875248285808674,25.649512895339715
F2,43,7,1759,640,0.0,-0.004869922076282804,36.87528340331919,-10.133136839614131
F2,43,8,1702,763,12.0,-0.004901387064849827,36.875275225056576,1.787957997832262
F2,43,9,1767,755,323.0,-0.004896736510931797,36.87529013279511,-47.008094442390835
F2,43,10,1822,859,344.0,-0.004918956757224177,36.87530742161782,-26.047856648502
F2,43,11,1822,947,329.0,-0.004939735714134877,36.875311135313844,-41.009351789673005
F2,43,12,2588,1534,129.0,-0.0050457969047190705,36.87551556790831,118.9627613672478
F2,43,13,2695,1410,14.0,-0.005011971516376677,36.87553543116002,3.774635139954185
F2,43,14,2736,1473,3.0,-0.005025105454812321,36.875547706124735,-7.152301296572762
F2,43,15,2706,1600,81.0,-0.005056367832781892,36.87554602934921,70.68016104104264
F2,43,16,2755,1652,127.0,-0.005066564517561573,36.87555971645236,116.95518972311662
F2,43,17,2706,1676,122.0,-0.0050743132955669845,36.875549236632146,111.93302256473133
F2,44,0,920,697,5.0,-0.004917793198947153,36.8750888920925,-5.165378111327042
F2,44,1,893,673,7.0,-0.004913273319335847,36.87508154658361,-3.1786220360569075
F2,44,2,871,815,0.0,-0.004947737680918992,36.875082379174856,-10.13313687977398
F2,44,3,928,744,40.0,-0.004928551166893387,36.875092751894215,29.634313824038685
F2,44,4,1255,324,338.0,-0.0048154861123747145,36.875151723259854,-32.026717799291475
F2,44,5,1499,601,326.0,-0.004870526138492921,36.87522064165028,-44.0076698397049
F2,44,6,1757,604,352.0,-0.0048602732516962125,36.87528128055499,-18.086119968489978
F2,44,7,1710,769,9.0,-0.004901230614646397,36.87527722017625,-1.1919690696967373
F2,44,8,1770,766,328.0,-0.004897973110805871,36.875291166201215,-42.008557868072835
F2,44,9,1781,807,315.0,-0.0049071868751734415,36.875295476427794,-55.019433693146105
F2,44,10,1828,881,355.0,-0.0049226632701965594,36.87530962286734,-15.102908347011352
F2,44,11,1093,1180,336.0,-0.00502449134506856,36.87514985129762,-34.02131019874102
F2,44,12,2697,1408,19.0,-0.005010180983121234,36.87553568140814,8.742002444710943
F2,44,13,2596,1545,153.0,-0.005046821077066519,36.87551777403344,142.98516765046892
F2,44,14,2733,1482,19.0,-0.005026124718696775,36.87554724786584,8.742002444490941
F2,44,15,2717,1600,83.0,-0.005054667178999835,36.87554847489375,72.69098484344067
F2,44,16,2749,1657,125.0,-0.005066766739920479,36.87555838575768,114.94685752163772
F2,44,17,2708,1682,118.0,-0.005074411758394176,36.875549824489,107.91232095761335
F2,45,0,1257,327,341.0,-0.004814887825064778,36.87515155358491,-29.03639566747932
F2,45,1,1400,387,341.0,-0.0048229906722504386,36.87518767357434,-29.036395704946017
F2,45,2,934,736,45.0,-0.004925332827953014,36.87509297808181,34.61985602617783
F2,45,3,923,694,2.0,-0.00491587032239978,36.875088619843154,-8.145845228002974
F2,45,4,890,681,19.0,-0.004914200499001766,36.875080320217265,8.742002544569587
F2,45,5,876,832,0.0,-0.004950498494464757,36.875083413092604,-10.133136826495695
F2,45,6,1082,1144,351.0,-0.005015504001656559,36.87514497794315,-19.080790255589342
F2,45,7,1762,618,0.0,-0.004862207971012504,36.875282453256354,-10.13313686996912
F2,45,8,1715,769,17.0,-0.004899909860003113,36.87527779585247,6.754900237416431
F2,45,9,1773,758,329.0,-0.00489484157337458,36.87529095272359,-41.00935176845478
F2,45,10,1795,804,295.0,-0.004904781873470571,36.8752980634184,-75.10467548164371
F2,45,11,1839,851,354.0,-0.004914022684310834,36.87531038322347,-16.097185783592415
F2,45,12,2601,1539,127.0,-0.005044276063632289,36.87551841733174,116.95518972089474
F2,45,13,2736,1479,30.0,-0.005024346477021847,36.875547587573465,19.67766113630949
F2,45,14,2706,1405,36.0,-0.005008126201380641,36.87553741481491,25.649512864582118
F2,45,15,2730,1597,88.0,-0.005052501622466295,36.87555116480907,77.7202649752004
F2,45,16,2717,1685,107.0,-0.005073861370607814,36.875551830323,96.84539512281286
F2,45,17,2771,1657,103.0,-0.005064943776909813,36.87556332938995,92.81884023826117
F2,46,0,2769,1687,132.0,-0.0050675460556754625,36.8755663317446,121.06985291619903
F2,46,1,2711,1712,134.0,-0.005076122162156166,36.87555389874957,123.07575514670997
F2,46,2,2717,1624,85.0,-0.005055099328703177,36.87555126090984,73.7971697137352
F2,46,3,2596,1556,99.0,-0.005044665196065067,36.8755198030378,87.88585984014739
F2,46,4,2708,1430,30.0,-0.005009781566235398,36.87554024084022,18.782374301018976
F2,46,5,2738,1517,12.0,-0.005028903628004294,36.87555126265075,0.8939760043654126
F2,46,6,1318,146,351.0,-0.0047713769947803995,36.875155764078784,-19.976116394634587
F2,46,7,1238,212,345.0,-0.004790636056339061,36.875140063059824,-25.948267947956577
F2,46,8,934,708,26.0,-0.00492162451941105,36.875091663968455,14.804648286091068
F2,46,9,909,686,28.0,-0.004917594457621446,36.875084799156646,16.793253413909753
F2,46,10,925,749,45.0,-0.00493170621391289,36.8750914400794,33.72206673841209
F2,46,11,890,832,16.0,-0.00495289160912669,36.87508705745071,4.867355720016512
F2,46,12,1016,1087,329.0,-0.005007178310926441,36.875128277147105,-41.908626814252074
F2,46,13,1773,629,344.0,-0.004864196439097072,36.875284498396375,-26.944238235200768
F2,46,14,1718,780,24.0,-0.00490233733176323,36.87527855648444,12.816503654083945
F2,46,15,1787,771,334.0,-0.004897024344253261,36.87529430034501,-36.91501601575889
F2,46,16,1792,818,305.0,-0.004907872981577198,36.87529763040223,-65.95712945127592
F2,46,17,1836,870,356.0,-0.004918096548998012,36.87531032257007,-15.00348710405128
F2,47,0,1340,12,,-0.0047316541772440875,36.875151407932385,
F2,47,1,1181,138,277.0,-0.004768662185435392,36.87512000633621,-94.12753673636087
F2,47,2,909,705,6.0,-0.004914713335872266,36.875082412516726,-5.066036882904878
F2,47,3,945,719,13.0,-0.004916346519260441,36.87509147350797,1.887289976356729
F2,47,4,967,749,28.0,-0.004922393199448981,36.875097994650204,16.79325347460298
F2,47,5,887,859,8.0,-0.0049519854163235875,36.87508433328323,-3.0792874240242174
F2,47,6,953,1002,326.0,-0.004982603143377888,36.875106328346696,-44.90757568152265
F2,47,7,1776,640,349.0,-0.004859364522890694,36.875282180007304,-21.96617122637359
F2,47,8,1726,793,12.0,-0.004897694471395036,36.87527750703781,0.8939760497845243
F2,47,9,1803,790,333.0,-0.00489343162297849,36.87529537600222,-37.91328077147525
F2,47,10,1803,829,303.0,-0.004902613316809302,36.875297165319836,-67.96649169404488
F2,47,11,1847,881,9.0,-0.004912823252806831,36.875309840564796,-2.0859542576254455
F2,47,12,2722,1438,31.0,-0.005003541171773214,36.87554001619343,19.777144760869266
F2,47,13,2607,1578,104.0,-0.005041812850193064,36.87551954640454,92.91951082086132
F2,47,14,2749,1520,20.0,-0.005021599164664677,36.87555009235251,8.841364423361401
F2,47,15,2727,1649,81.0,-0.005052985543941464,36.875550866120584,69.7754792491722
F2,47,16,2771,1712,135.0,-0.005065785188450009,36.87556404604487,124.0783854281394
F2,47,17,2717,1729,128.0,-0.005072281679160584,36.875552197995674,117.05558670399164
F2,48,0,1315,17,,-0.004734934031422965,36.87514575133839,
F2,48,1,1175,146,261.0,-0.004771770729973648,36.87511893057008,-110.22452070951371
F2,48,2,906,711,8.0,-0.0049172124568774445,36.87508194654673,-3.0792875089073
F2,48,3,939,725,22.0,-0.004918984207704731,36.87509030598197,10.828762142429216
F2,48,4,958,755,36.0,-0.0049251694553323925,36.875096125568184,24.753345653087948
F2,48,5,895,848,5.0,-0.004949974179920487,36.87508565972631,-6.059469097962791
F2,48,6,950,1018,342.0,-0.0049874565448526295,36.87510632117608,-28.93674960596475
F2,48,7,1773,631,350.0,-0.004858332223191855,36.87528102583821,-20.971065827377846
F2,48,8,1740,760,8.0,-0.004890226683080116,36.87527922723424,-3.079287509051495
F2,48,9,1795,796,325.0,-0.004896161689716035,36.87529374077221,-45.907693822416554
F2,48,10,1806,834,319.0,-0.004904599874889049,36.87529805658192,-51.913302348483825
F2,48,11,1842,859,35.0,-0.004908822766790665,36.8753076222525,23.757772635504715
F2,48,12,2747,1421,68.0,-0.0049993321515966185,36.87554504284092,56.72370146958671
F2,48,13,2752,1515,24.0,-0.005021231442274807,36.8755505248152,12.816503614154513
F2,48,14,2618,1580,90.0,-0.0050427236109595215,36.875522170842835,78.82706762766037
F2,48,15,2725,1641,95.0,-0.005052142483143489,36.875549991683435,83.85920211523997
F2,48,16,2727,1720,136.0,-0.0050706489205572915,36.87555408390262,125.08079755387274
F2,48,17,2782,1709,128.0,-0.005065518808981671,36.875566441083464,117.05558670277095
F2,49,0,1241,151,270.0,-0.00476669773896624,36.875118034011436,-101.67603851582233
F2,49,1,978,727,25.0,-0.004914754570380382,36.87508423986655,13.313499741070235
F2,49,2,1016,744,2.0,-0.004916916651937394,36.875093925311596,-9.536918282877535
F2,49,3,967,851,6.0,-0.004944427216235191,36.87508761394137,-5.562747317347187
F2,49,4,1008,972,330.0,-0.004970886237396096,36.8751029832812,-41.40900632430972
F2,49,5,1024,777,42.0,-0.0049242862454412254,36.87509737417742,30.232304126939663
F2,49,6,1795,588,339.0,-0.004842673746104702,36.87526830184502,-32.42556812851114
F2,49,7,1850,642,0.0,-0.004852711308477121,36.87528372881605,-11.524429416071898
F2,49,8,1866,812,351.0,-0.004891892160662079,36.87529561011433,-20.473572057975996
F2,49,9,1877,856,306.0,-0.004901702204712888,36.87530028641634,-65.4548966836127
F2,49,10,1916,881,1.0,-0.004905696172498541,36.87531058865538,-10.530631955676776
F2,49,11,2826,1438,28.0,-0.004992699999152914,36.87554971236855,16.296055891464658
F2,49,12,2813,1550,9.0,-0.005019648936587461,36.87555204453103,-2.5826182719401585
F2,49,13,2684,1605,107.0,-0.005038798017021011,36.875524565959445,95.43617597154234
F2,49,14,2810,1671,88.0,-0.005048230599533704,36.87555714239094,76.31177995277271
F2,49,15,2840,1737,141.0,-0.005062294400510186,36.87556730832077,129.58888176747007
F2,49,16,2793,1759,132.0,-0.005069732120132563,36.87555739072867,120.56824627294868
F2,50,0,1233,154,266.0,-0.004768021536307443,36.87511578618821,-105.69996784061489
F2,50,1,1784,533,334.0,-0.0048305113403652854,36.87526257439684,-37.41412010159709
F2,50,2,994,719,9.0,-0.0049123353869844665,36.875087067560735,-2.5826182298881446
F2,50,3,1024,733,13.0,-0.0049141783553781244,36.87509474170724,1.3906315978186676
F2,50,4,1038,780,40.0,-0.00492454872188779,36.87510026209416,28.23928251836675
F2,50,5,975,865,356.0,-0.00494756431995972,36.87508962830976,-15.500604793936782
F2,50,6,1013,974,2.0,-0.004971347874560903,36.8751037222945,-9.536918282134115
F2,50,7,1866,642,0.0,-0.0048521722531708845,36.87528693986152,-11.52442949925063
F2,50,8,1872,801,323.0,-0.00488925034782021,36.87529595962452,-48.40901370691444
F2,50,9,1883,851,300.0,-0.004900470487939038,36.87530092343999,-71.4844228553681
F2,50,10,1938,843,53.0,-0.0048959370576078295,36.87531337943863,41.20917438517092
F2,50,11,2843,1430,148.0,-0.004990232573895629,36.87555277350546,136.59216194985302
F2,50,12,2834,1545,0.0,-0.0050176935919280805,36.87555618319557,-11.524429497525722
F2,50,13,2706,1608,111.0,-0.005038674558593368,36.87552932141799,99.46220937377137
F2,50,14,2804,1663,91.0,-0.005046872737033558,36.87555483434516,79.3301962223668
F2,50,15,2859,1729,136.0,-0.005059730491534777,36.87557083634312,124.57961894679813
F2,50,16,2796,1748,137.0,-0.005067235032867409,36.87555703991069,125.58192091285068
F2,51,0,1235,151,267.0,-0.0047668019531915086,36.875116297090415,-104.69415179202382
F2,51,1,999,725,14.0,-0.004913086222394186,36.875088710061306,2.3839521164124426
F2,51,2,1027,749,16.0,-0.004917375834619024,36.87509639651146,4.3706592638264254
F2,51,3,1038,782,37.0,-0.004924600702546307,36.87510054570546,25.251198373822913
F2,51,4,969,865,25.0,-0.00494743571974858,36.875088415426895,13.313499740428016
F2,51,5,1021,982,0.0,-0.004972424016416755,36.87510616096106,-11.524429455101597
F2,51,6,1773,535,330.0,-0.004831093981471705,36.87526029013817,-41.40900636806475
F2,51,7,1863,645,353.0,-0.004852603975417447,36.87528657106355,-18.483971211265093
F2,51,8,1877,812,337.0,-0.004891176263286168,36.87529784171964,-34.42033202691887
F2,51,9,1883,848,306.0,-0.004899347388540838,36.875300967456745,-65.45489668377408
F2,51,10,1940,854,52.0,-0.0048980076986505075,36.87531456120557,40.21015397191388
F2,51,11,2834,1432,209.0,-0.004990718731285127,36.87555095613224,-162.70951679945648
F2,51,12,2840,1534,23.0,-0.005014400913285379,36.875557244517395,11.325662899325298
F2,51,13,2706,1602,125.0,-0.005036846411161279,36.875529221678015,113.54059392758971
F2,51,14,2804,1671,94.0,-0.005048334813759901,36.87555540546992,82.34938447926892
F2,51,15,2870,1734,127.0,-0.005059956859778019,36.875573831581136,115.549434684429
F2,51,16,2802,1748,126.0,-0.005066527530349179,36.87555862834053,114.54510330177794
F2,52,0,1213,157,241.0,-0.0047696531675563685,36.87511069667308,-130.7902558405347
F2,52,1,972,867,351.0,-0.00494814082359679,36.875088459402065,-20.473572054364734
F2,52,2,1016,977,328.0,-0.004971869943056263,36.875104001962065,-43.40783803208039
F2,52,3,1767,533,335.0,-0.004831293198004468,36.87525804145317,-36.415968087299284
F2,52,4,1858,637,339.0,-0.004851344854023325,36.87528426830782,-32.42556816446297
F2,52,5,1839,815,333.0,-0.004894094299360928,36.875288362461966,-38.412498107427275
F2,52,6,1874,807,324.0,-0.004890525706208255,36.875296149606086,-47.40831032217407
F2,52,7,1940,843,45.0,-0.0048958023199278345,36.87531328190674,33.22337058916788
F2,52,8,2706,1605,121.0,-0.005037931256597259,36.875528613243915,109.52088977170534
F2,52,9,2810,1473,232.0,-0.005001891989767259,36.8755465659913,-139.7898460405103
F2,52,10,2832,1528,31.0,-0.0050137565494915645,36.8755543372713,19.279741364760195
F2,52,11,2815,1665,85.0,-0.005046773854644954,36.87555693363562,73.29433890008983
F2,52,12,2862,1726,121.0,-0.005058842463961645,36.87557082849724,109.52088979729064
F2,52,13,2810,1748,138.0,-0.005066521392879135,36.875559743691504,126.58400049409563
F2,52,14,1030,777,61.0,-0.004924191354762343,36.87509768637828,49.2097441534715
F2,52,15,1027,736,27.0,-0.004914700423873493,36.875095021374804,15.301754282827162
F2,52,16,983,741,29.0,-0.0049179981457192845,36.87508498948942,17.290483246377892
F2,53,0,1200,165,264.0,-0.004771361652532561,36.87510785001013,-107.51012248432035
F2,53,1,1016,736,22.0,-0.004914376633192676,36.87509176227451,10.530631998022276
F2,53,2,983,747,13.0,-0.004918528545715177,36.8750845713329,1.589294509364514
F2,53,3,1032,771,53.0,-0.004921849298024535,36.87509714864292,41.4090063430677
F2,53,4,967,859,5.0,-0.004945627778217974,36.875086109215815,-6.357507929200702
F2,53,5,1010,977,332.0,-0.004971340257419261,36.875101712626964,-39.2113644336726
F2,53,6,1762,535,333.0,-0.004831728635534157,36.87525656641514,-38.21280436227929
F2,53,7,1789,596,356.0,-0.004844794424449866,36.87526574717536,-15.301754200714694
F2,53,8,1850,634,358.0,-0.004850838683934181,36.87528178724076,-13.313499740948807
F2,53,9,1850,785,350.0,-0.004886351313167306,36.875288899907105,-21.269580800280213
F2,53,10,1959,832,55.0,-0.004892236001536551,36.8753165771177,43.40783801329962
F2,53,11,2706,1600,108.0,-0.0050374328854271505,36.875527258401306,96.64408428137943
F2,53,12,2799,1668,88.0,-0.005049015155559849,36.87555218705353,76.5129795698648
F2,53,13,2804,1748,146.0,-0.005067592687531652,36.87555712339645,134.79241342155228
F2,53,14,2865,1737,107.0,-0.0050621129812322375,36.87557085537807,95.63749884814423
F2,53,15,2826,1531,33.0,-0.005015514715415088,36.87555204127111,21.468598700816578
F2,53,16,2799,1482,236.0,-0.00500527112220391,36.87554342575589,-135.59239547211104
F2,54,0,999,201,266.0,-0.0047778136186966205,36.875099722218124,-104.89532449152556
F2,54,1,854,796,11.0,-0.004924749792922332,36.87509233911286,0.19866115157937753
F2,54,2,824,760,10.0,-0.00491760494114664,36.875083697344515,-0.7946451404427816
F2,54,3,884,818,68.0,-0.004928590906410999,36.87510035487837,57.02451978416407
F2,54,4,813,925,352.0,-0.004957037030928679,36.875088496817995,-18.682905196479773
F2,54,5,857,1051,338.0,-0.004984789978480697,36.87510444451213,-32.625005933346245
F2,54,6,1592,568,330.0,-0.0048377243639880375,36.875255132559644,-40.609734323183694
F2,54,7,1630,626,9.0,-0.004849700677764654,36.87526663325921,-1.7879579050130308
F2,54,8,1650,673,346.0,-0.004859891482322811,36.87527342287135,-24.653780369264048
F2,54,9,1696,694,344.0,-0.004862776361036481,36.87528514434731,-26.645427591936198
F2,54,10,1820,738,338.0,-0.004867577574142021,36.875316177578064,-32.62500597877742
F2,54,11,2637,1517,207.0,-0.005014629068980494,36.87554251623811,-163.90281426038086
F2,54,12,2552,1646,74.0,-0.005048897004026657,36.875528360274686,63.044810253465215
F2,54,13,2673,1556,53.0,-0.0050222117696181266,36.87555269855929,42.00855784665528
F2,54,14,2659,1707,86.0,-0.005058475168635499,36.87555616882528,75.10467545407295
F2,54,15,2717,1775,95.0,-0.005071910978633054,36.87557280470091,84.16118006565459
F2,54,16,2640,1781,133.0,-0.005076793086286007,36.87555502406783,122.3737857990965
F3,0,0,1839,969,58.0,-0.004753572902439007,36.873762999142535,52.113632497811
F3,0,1,2012,867,2.0,-0.004723237421495357,36.87380413458355,-3.67529887163616
F3,0,2,2012,1144,20.0,-0.004793691773596476,36.87381111978606,14.20815909131813
F3,1,0,1918,1120,2.0,-0.004597116767194466,36.873845181073335,-3.6752988984440105
F3,1,1,1905,1235,0.0,-0.004626659736019945,36.873844797162015,-5.66209080146283
F3,1,2,1907,1339,14.0,-0.0046530280524965835,36.87384792113574,8.245203030749176
F3,2,0,2014,730,0.0,-0.004494800688657171,36.873859129007236,-5.6620908421730345
F3,2,1,1992,870,13.0,-0.004530922584514007,36.87385710378245,7.251652929767662
F3,2,2,1965,952,22.0,-0.004552437569377171,36.8738523561422,16.196620204000304
F3,3,0,2066,365,356.0,-0.0044015598387922485,36.87386291528056,-9.636286113692485
F3,3,1,2066,486,358.0,-0.004432297361088899,36.87386596275473,-7.649065579473333
F3,3,2,2047,563,7.0,-0.004452339356594557,36.87386310781414,1.2913003046426585
F3,4,0,2034,91,326.0,-0.004332272815800372,36.873848023692915,-39.51097716636963
F3,4,1,2028,146,336.0,-0.004346396549700231,36.873847894937185,-29.534655760241634
F3,4,2,2064,157,340.0,-0.004348278072772937,36.87385725580785,-25.549931530147628
F3,5,0,1806,675,324.0,-0.00429938264650379,36.87381917998522,-45.70765148026318
F3,5,1,1916,692,308.0,-0.004298860371305555,36.873845841918055,-61.73979980330423
F3,5,2,1935,780,346.0,-0.004318981782773054,36.873853951039465,-23.75777258436563
F3,6,0,1795,656,313.0,-0.0042880067803896926,36.87381608363276,-56.72370151385737
F3,6,1,1773,585,304.0,-0.004272070268153436,36.873807977496355,-65.75623103211267
F3,6,2,1784,541,287.0,-0.00426117394039138,36.87380876020817,-82.85264281549263
F3,7,0,1987,958,322.0,-0.004244906930542197,36.87381619167038,-48.10877820704225
F3,7,1,1992,1002,313.0,-0.004255092223136366,36.87381924294455,-57.124796810386066
F3,7,2,2053,1007,24.0,-0.0042536538043702905,36.873833778033884,13.611709838456722
F3,8,0,1929,941,354.0,-0.004243918400606662,36.873801991046356,-16.19662019349933
F3,8,1,1973,950,318.0,-0.004244155674535786,36.873812705496576,-52.11363249241641
F3,8,2,2012,892,0.0,-0.004228771257349472,36.873819387325355,-10.23250944656974
F3,9,0,1534,1207,35.0,-0.004229802043645396,36.87381831678424,25.350774256510515
F3,9,1,1554,1257,18.0,-0.004240856127088982,36.87382499314946,8.443920855966725
F3,9,2,1603,1276,15.0,-0.004243415149405785,36.873837273893315,5.463404473276896
F3,10,0,1828,972,37.0,-0.004216473728344192,36.87381000318128,27.940397271451925
F3,10,1,1839,1026,4.0,-0.004228881470437767,36.87381459007565,-4.867355640177015
F3,10,2,1888,1046,7.0,-0.004231807164522651,36.87382688044629,-1.8872899059987795
F3,11,0,1896,1018,43.0,-0.004214625672747086,36.8738123436176,31.229117825762774
F3,11,1,1905,1068,5.0,-0.004225957405560946,36.87381684655153,-6.556203048436246
F3,11,2,1954,1087,6.0,-0.004228061664367524,36.87382921219188,-5.562747363960544
F3,32,0,2234,121,343.0,-0.006197564987577534,36.8707045089185,-29.235693731566123
F3,32,1,1757,275,11.0,-0.006258143530475367,36.87060150517151,-1.3906315756406837
F3,32,2,1691,316,350.0,-0.006271133485919169,36.870588259437014,-22.264734113864485
F3,32,3,1809,387,109.0,-0.006281676895786594,36.87061931585234,96.64408431151811
F3,32,4,1853,475,347.0,-0.006300005698015556,36.870634040484966,-25.251198303421084
F3,32,5,1935,453,0.0,-0.006290638674486142,36.8706519762626,-12.319532685502951
F3,32,6,2047,393,345.0,-0.006270835905143021,36.87067494324448,-27.24306597112908
F3,32,7,2291,508,304.0,-0.006285192946339273,36.87073753575379,-68.26795370314518
F3,32,8,1891,1024,149.0,-0.0064265202863679925,36.870670930013326,136.79208720096153
F3,32,9,2467,1597,17.0,-0.006530971091795935,36.870834098879996,4.569336711222476
F3,32,10,2371,1682,7.0,-0.006555800833249242,36.87081612857298,-5.364061932790828
F3,32,11,2415,1742,349.0,-0.006567577447923368,36.87082942225762,-23.260051059994062
F3,32,12,2278,1868,356.0,-0.006604110902089275,36.87080401722035,-16.29605594157037
F3,32,13,2396,2145,348.0,-0.006662859691766137,36.87084560132461,-24.25553728377404
F3,32,14,2431,2121,350.0,-0.006655442791178492,36.87085251020369,-22.26473410346201
F3,33,0,1699,267,41.0,-0.00623127227672143,36.870635600570196,31.32881056447447
F3,33,1,1992,231,333.0,-0.006211124782657713,36.87070314192289,-36.31616518412962
F3,33,2,1458,464,4.0,-0.006287505585273303,36.870586638703166,-5.463404413512267
F3,33,3,1595,524,87.0,-0.006296289982480199,36.870621245533165,77.41842991000043
F3,33,4,1636,598,356.0,-0.006312198010636763,36.870633809608464,-13.412902037282649
F3,33,5,1715,577,354.0,-0.006304089844653913,36.87065157562139,-15.401178928467765
F3,33,6,1825,513,333.0,-0.006284564014332963,36.870674944103925,-36.31616521331285
F3,33,7,2064,601,330.0,-0.0062959384357290015,36.870734659994106,-39.311233115583285
F3,33,8,1696,1144,111.0,-0.006439189236026817,36.87066943517739,101.57541913603123
F3,33,9,2313,1649,7.0,-0.006534380534387036,36.870834539073144,-2.483285097896432
F3,33,10,2204,1770,358.0,-0.006567372400050026,36.87081365089318,-11.425045776355205
F3,33,11,2256,1825,332.0,-0.0065783423777806636,36.870828055565326,-37.31429484268492
F3,33,12,2099,1825,6.0,-0.006584567501329039,36.870791104723736,-3.4766273772360177
F3,33,13,2275,2022,6.0,-0.006624266564550244,36.87084028617481,-3.4766273347179797
F3,34,0,2223,2091,346.0,-0.006625951818899489,36.87083452767791,-25.15162424709039
F3,34,1,2086,1901,7.0,-0.00658764077559402,36.870793585267855,-4.271321100946764
F3,34,2,2135,1781,295.0,-0.006557064639069562,36.87079944039101,-76.21118180732147
F3,34,3,2237,1904,340.0,-0.006581239426595573,36.87082905990988,-31.129427207696093
F3,34,4,2335,1819,24.0,-0.006556601974244682,36.870848017692666,12.617712291949688
F3,34,5,2308,1704,10.0,-0.0065307813156078726,36.870836322422534,-1.2913002717690383
F3,34,6,1710,1205,121.0,-0.006441377060177921,36.870673056577026,109.82245494390138
F3,34,7,1512,508,3.0,-0.00628649869527297,36.870594133560736,-8.245203054453036
F3,34,8,1872,47,3.0,-0.006160950117461637,36.87065681885981,-8.245203098528352
F3,34,9,2045,302,346.0,-0.006212879184157597,36.87070922464683,-25.151624185009993
F3,34,10,1916,475,60.0,-0.006259706907715122,36.870687127519055,48.509096846776224
F3,34,11,2097,675,358.0,-0.006298302515131701,36.87073883361906,-13.214098492298724
F3,34,12,1754,609,39.0,-0.006298900454309929,36.87065548473736,27.54191080215472
F3,34,13,1671,659,14.0,-0.0063145865231574215,36.87063840045055,2.681951699862523
F3,34,14,1633,577,81.0,-0.006297057795327828,36.870625674177596,69.57445555130779
F3,35,0,2039,289,25.0,-0.00620898369372655,36.87070725390762,13.611709881142332
F3,35,1,1529,475,334.0,-0.006276808926256667,36.870596609711455,-37.114650893729305
F3,35,2,1940,453,86.0,-0.00625227899908276,36.87069175602809,74.60176437089933
F3,35,3,1641,571,75.0,-0.006294152333339715,36.87062730678053,63.546823537637486
F3,35,4,1757,607,27.0,-0.006297172677409531,36.87065613436133,15.600031966607514
F3,35,5,1671,651,358.0,-0.006311586489607123,36.87063806751744,-13.214098491397497
F3,35,6,2102,659,346.0,-0.00629318247853993,36.87073929663169,-25.15162418213569
F3,35,7,1688,1243,243.0,-0.006450249298484655,36.87066972647221,-128.4873304878506
F3,35,8,2132,1767,295.0,-0.006552792348869826,36.87079812490079,-76.21118180727288
F3,35,9,2080,1901,353.0,-0.006586807818512372,36.87079222238654,-18.185580760380567
F3,35,10,2212,1967,347.0,-0.006596142372393475,36.87082619675526,-24.15598087822402
F3,35,11,2237,1904,342.0,-0.00658012402895251,36.87082910104315,-29.13604375274345
F3,35,12,2311,1701,9.0,-0.006528817959218895,36.87083692528821,-2.2846193450529175
F3,35,13,2398,1704,28.0,-0.006525429309541312,36.87085742377463,16.594370548230604
F3,36,0,2058,286,55.0,-0.0062055961414795675,36.87071137074001,43.50780416117295
F3,36,1,2036,401,59.0,-0.006233723398036115,36.870711599890996,47.5083701730248
F3,36,2,2102,651,358.0,-0.006289511423961403,36.870738733626396,-13.214098492512447
F3,36,3,1754,609,40.0,-0.006295998637995481,36.87065533693174,28.538185243718623
F3,36,4,1674,651,13.0,-0.006309658850655254,36.87063858058583,1.6886261965115503
F3,36,5,1666,566,70.0,-0.0062900111815556185,36.8706327341109,58.52889915588896
F3,36,6,1532,475,321.0,-0.006274881287304855,36.87059712277985,-50.110743475513786
F3,36,7,1663,1262,216.0,-0.006454115725763995,36.87066457588022,-155.44578303468103
F3,36,8,2119,1767,308.0,-0.006551617884748225,36.87079489393028,-63.145209145565964
F3,36,9,2083,1907,351.0,-0.006586293656490616,36.870793016004725,-20.175094196395655
F3,36,10,2193,1901,337.0,-0.006579702102600367,36.87081847572237,-34.12106245745851
F3,36,11,2245,1896,321.0,-0.00657607638695875,36.8708304100573,-50.1107434748403
F3,36,12,2311,1696,357.0,-0.00652585364310563,36.87083650255781,-14.208159126302501
F3,36,13,2398,1687,7.0,-0.006519638039567496,36.87085643994463,-4.271321101537193
F3,37,0,2404,1668,9.0,-0.006514491907493027,36.87085572539199,-2.284619345120137
F3,37,1,2311,1685,355.0,-0.006522874587499773,36.87083475805698,-16.196620219884746
F3,37,2,2234,1890,338.0,-0.006574793036490927,36.870826325321225,-33.12363781558532
F3,37,3,2083,1899,357.0,-0.006584021339349889,36.8707914117788,-14.208159124508306
F3,37,4,2088,1794,310.0,-0.0065590501259349485,36.87078767216948,-61.13759858929926
F3,37,5,2119,1770,306.0,-0.006551936941979727,36.870793804045654,-65.15357835762686
F3,37,6,1661,1268,237.0,-0.0064552356683144265,36.87066315826563,-134.49238153585844
F3,37,7,1504,464,297.0,-0.0062732202876494576,36.87058882621095,-74.19945714368444
F3,37,8,1652,571,79.0,-0.006291460425739583,36.87062846170884,67.56456533823402
F3,37,9,1669,651,354.0,-0.006309506536555755,36.870636180414145,-17.191034650360717
F3,37,10,1751,612,19.0,-0.006296458915507546,36.870653545039815,7.649065564663595
F3,37,11,2099,667,356.0,-0.006293034234822681,36.87073754959236,-15.20233067819556
F3,37,12,2025,398,78.0,-0.006233146786032777,36.870707655429825,66.55986655924848
F3,37,13,2086,275,59.0,-0.006201299029921304,36.87071617830726,47.50837020322022
F3,38,0,1501,461,264.0,-0.006273060823566694,36.870587099837294,-107.40956948523962
F3,38,1,1652,571,77.0,-0.00629186647984161,36.87062757761737,65.55533972475193
F3,38,2,1663,656,5.0,-0.0063113729286607845,36.870634126099596,-6.258161148225929
F3,38,3,1748,612,5.0,-0.006297006189890088,36.87065195894106,-6.258161148420896
F3,38,4,2014,396,92.0,-0.006233599488853507,36.87070410379502,80.63842863847984
F3,38,5,2091,269,72.0,-0.006200056239958623,36.870716183678155,60.53546895216126
F3,38,6,2113,667,142.0,-0.006292781260948412,36.870739941534936,130.8903552800495
F3,38,7,1661,1265,233.0,-0.0064549349839512484,36.870662133899266,-138.49107420248245
F3,38,8,2069,1792,333.0,-0.00655987941617129,36.87078224851522,-38.112960923219
F3,38,9,2102,1759,294.0,-0.00655055186996685,36.870788427571554,-77.21721152068054
F3,38,10,2234,1890,347.0,-0.006575199090592949,36.87082544122976,-24.155980840382973
F3,38,11,2083,1893,349.0,-0.006583013916521605,36.870790247137535,-22.165211480764576
F3,38,12,2291,1657,312.0,-0.006517625884465511,36.870827884684495,-59.13078352724778
F3,38,13,2398,1660,0.0,-0.006513295766249598,36.87085306321954,-11.226281001359784
F3,39,0,1469,464,282.0,-0.006274189843900602,36.870580159528174,-89.29528281157816
F3,39,1,1661,563,72.0,-0.006288474115303743,36.870629717066635,60.5354689551987
F3,39,2,1663,651,24.0,-0.00630911096342959,36.87063429980187,12.617712340182605
F3,39,3,1743,618,26.0,-0.006297570966165515,36.87065147697248,14.605814034054289
F3,39,4,2025,396,71.0,-0.006231997613368832,36.870707085315544,59.532081240781075
F3,39,5,2094,261,79.0,-0.006196946315981679,36.87071691911283,67.56456530105577
F3,39,6,2135,700,160.0,-0.006298435700884851,36.870747040106096,148.8705728174287
F3,39,7,1650,1273,249.0,-0.006456253359764547,36.87066034143269,-122.4740735754491
F3,39,8,2404,1638,342.0,-0.0065067465091544685,36.87085384604531,-29.136043719737383
F3,39,9,2297,1663,305.0,-0.006517672853045118,36.870829976742655,-66.15803486999856
F3,39,10,2179,1789,311.0,-0.006552910532957459,36.87080825600153,-60.13408944137234
F3,39,11,2088,1748,305.0,-0.006547535455782045,36.870785044689995,-66.15803488172752
F3,39,12,2069,1778,327.0,-0.006555497235544717,36.8707820013928,-44.107650025395685
F3,39,13,2080,1877,354.0,-0.006578301797198988,36.87078920449122,-17.191034643617414
F3,40,0,2116,258,92.0,-0.0061942998524685215,36.87072162223087,80.63842863733029
F3,40,1,2045,398,98.0,-0.0062306231941514755,36.870711554220215,86.67780931095362
F3,40,2,1663,568,56.0,-0.006288653756235256,36.87063011420245,44.507594094652895
F3,40,3,1477,464,255.0,-0.006272909146829298,36.87058172688707,-116.45317647579925
F3,40,4,1748,607,12.0,-0.006293840115002053,36.87065182798279,0.6953143874282218
F3,40,5,1671,651,23.0,-0.006307830266358093,36.87063586716077,11.623814108381218
F3,40,6,2146,708,146.0,-0.006298898419439442,36.87074968353869,134.89241943207466
F3,40,7,1661,1276,250.0,-0.006455538180877635,36.87066275107379,-121.47110085401101
F3,40,8,2404,1646,336.0,-0.006507727035404675,36.87085391545116,-35.118704229755465
F3,40,9,2294,1660,306.0,-0.006516203225203896,36.87082882979992,-65.15357834453638
F3,40,10,2088,1707,282.0,-0.006536972587101361,36.870782822939155,-89.29528283389956
F3,40,11,2097,1750,302.0,-0.006546678844259878,36.870786939567935,-69.17242660816984
F3,40,12,2064,1775,309.0,-0.006554121754557208,36.87078038644519,-62.141306632836276
F3,40,13,2086,1874,345.0,-0.0065764085085155835,36.870790163570355,-26.14744711350687
F3,41,0,2119,256,71.0,-0.0061931891434343815,36.87072194854719,59.53208124145538
F3,41,1,2083,379,86.0,-0.006223860063874247,36.870719275730536,74.60176436866102
F3,41,2,1477,461,261.0,-0.006271704078587341,36.870581304437806,-110.42554445775109
F3,41,3,1674,568,72.0,-0.006287637618763391,36.87063240605483,60.53546895496194
F3,41,4,1757,601,44.0,-0.006291504647453353,36.870653371280504,32.52528602778611
F3,41,5,1677,640,26.0,-0.00630445812164793,36.8706364746597,14.605814033969924
F3,41,6,2149,716,140.0,-0.006300143505289199,36.870750477438015,128.88792671783773
F3,41,7,1658,1279,259.0,-0.006455887809846631,36.87066190716703,-112.43543463788248
F3,41,8,2393,1613,325.0,-0.006499972390207622,36.87084951622616,-46.10774557582789
F3,41,9,2305,1657,306.0,-0.006514480349265886,36.870830981377395,-65.15357834484703
F3,41,10,2091,1879,351.0,-0.006576852709046265,36.87079128519965,-20.175094156934264
F3,41,11,2069,1775,320.0,-0.006553388057645989,36.87078127428298,-51.112073270415436
F3,41,12,2080,1734,321.0,-0.00654321149092626,36.87078193121943,-50.11074347336125
F3,41,13,2097,1704,311.0,-0.006535343858017373,36.870784506511775,-60.13408948255963
F3,42,0,2127,256,64.0,-0.006193707822019475,36.87072620492623,52.51432000899731
F3,42,1,2099,368,83.0,-0.006221410780672041,36.87072488978773,71.58496203977745
F3,42,2,1471,464,302.0,-0.0062735885236134626,36.87058242505771,-69.17242659795582
F3,42,3,1677,563,99.0,-0.00628721376704094,36.87063525863021,87.68451598168592
F3,42,4,1677,637,28.0,-0.006304646649182776,36.87063871874439,16.5943706380788
F3,42,5,1762,598,43.0,-0.0062914578078540045,36.87065678537735,31.528202187332287
F3,42,6,2157,716,175.0,-0.006300662183874182,36.87075473381705,163.80337977435204
F3,42,7,1663,1276,244.0,-0.006455840970247268,36.87066532126388,-127.48567994837502
F3,42,8,2086,1660,333.0,-0.00652639143422428,36.87078225947943,-38.11296089143329
F3,42,9,2003,1696,323.0,-0.006538779390238408,36.870764520576415,-48.108778161412964
F3,42,10,2393,1619,337.0,-0.006502281133137956,36.87085218113555,-34.12106246250775
F3,42,11,2311,1649,263.0,-0.006513208538797345,36.87083439568517,-108.41503795329082
F3,42,12,2064,1778,294.0,-0.006555225429245685,36.87078262890532,-77.2172115197074
F3,42,13,2099,1868,7.0,-0.006574780013258855,36.87079502723739,-4.271321058803463
F3,43,0,2130,250,78.0,-0.006191432263946972,36.870727633875056,66.5598665423905
F3,43,1,2110,371,82.0,-0.006220878850580114,36.8707286115807,70.579634880576
F3,43,2,1477,453,281.0,-0.006269993847818618,36.87058432222233,-90.30202179657925
F3,43,3,1691,566,99.0,-0.006286540616668985,36.87063968243048,87.68451598134035
F3,43,4,1685,640,17.0,-0.006304255939371805,36.87064173853007,5.66209078357416
F3,43,5,1767,598,36.0,-0.006290501579858281,36.87065896288084,24.5542169721302
F3,43,6,2162,716,176.0,-0.006299705955878235,36.87075691132054,164.79766932184887
F3,43,7,1663,1273,229.0,-0.006454413370920549,36.87066618848031,-142.48605225675118
F3,43,8,2376,1597,302.0,-0.006497177771789844,36.87084818190295,-69.17242661571646
F3,43,9,2289,1649,293.0,-0.006513523293328086,36.87083025512301,-78.22334302354759
F3,43,10,2151,1665,0.0,-0.006523788698056119,36.8707987109203,-11.226281000876021
F3,43,11,2080,1663,342.0,-0.006526659752389311,36.870782003231064,-29.136043679699927
F3,43,12,1984,1679,348.0,-0.006534948073185154,36.87076028713046,-23.16051179226969
F3,43,13,2042,1770,293.0,-0.0065536555478688,36.87077811427676,-78.22334301699257
F3,44,0,2132,250,102.0,-0.006190936176319941,36.870726916144335,90.7047171718113
F3,44,1,2119,365,73.0,-0.00621863977203461,36.870729251317194,61.53905817979895
F3,44,2,1482,459,270.0,-0.006270770016841741,36.870584587048704,-101.37417754912872
F3,44,3,1688,563,94.0,-0.006285573157710988,36.8706376544127,82.65133768409682
F3,44,4,1685,640,16.0,-0.006303853998598521,36.870640552794484,4.668675979339183
F3,44,5,1770,593,53.0,-0.006288780521362464,36.87065824536104,41.50892580648523
F3,44,6,2165,725,170.0,-0.006301283010219828,36.870756848416946,158.82992572064114
F3,44,7,1661,1276,210.0,-0.006454812315466154,36.87066467501476,-161.41656250495953
F3,44,8,2050,1561,258.0,-0.006503640906607248,36.87076902807596,-113.44013345653417
F3,44,9,1984,1660,355.0,-0.006530070122132472,36.87075821298718,-16.196620218959428
F3,44,10,2077,1660,351.0,-0.006525692293431558,36.87077997521328,-20.175094118710287
F3,44,11,2275,1528,344.0,-0.006485275262437206,36.87082013559911,-27.143454849401483
F3,44,12,2146,1649,15.0,-0.006519852852603182,36.87079560703975,3.675298885035534
F3,44,13,2014,1775,266.0,-0.006555749560490477,36.87077061026459,-105.3982356336638
F3,45,0,1992,1781,262.0,-0.0065570750970673445,36.87076544166524,-109.42036511987916
F3,45,1,1981,1674,346.0,-0.006532385899505522,36.870757864500426,-25.151624210893786
F3,45,2,2039,1567,263.0,-0.00650444863548832,36.87076643350336,-108.41503794608633
F3,45,3,2064,1638,317.0,-0.0065199979434916065,36.87077560340342,-54.11743168247469
F3,45,4,2141,1657,28.0,-0.006520849299899728,36.87079450999833,16.59437058955249
F3,45,5,2261,1520,311.0,-0.006482926098761863,36.87081618440302,-60.13408946632529
F3,45,6,1652,1287,206.0,-0.006456703794935071,36.87066278223851,-165.39418597025468
F3,45,7,1477,464,272.0,-0.006271059725672744,36.87058334973238,-99.36157135494723
F3,45,8,1647,563,340.0,-0.006286379612465932,36.870627759217356,-31.129427179495885
F3,45,9,1704,563,54.0,-0.006283696427136593,36.870641097355936,42.50824827394603
F3,45,10,1765,604,34.0,-0.006290483707124011,36.87065728859453,22.563311718405647
F3,45,11,2157,744,165.0,-0.006305012052169298,36.87075556370953,153.85255279943763
F3,45,12,2102,379,88.0,-0.00622161457738388,36.8707256267964,76.61358099659698
F3,45,13,2138,258,102.0,-0.006191414815920781,36.87072839312965,90.70471717108433
F3,46,0,2141,258,95.0,-0.006190638292016411,36.870729334532676,83.65788599633268
F3,46,1,2105,379,94.0,-0.006220838053479517,36.87072656819942,82.6513376862528
F3,46,2,1466,464,270.0,-0.006270942229743871,36.87058101510137,-101.37417754036076
F3,46,3,1636,549,355.0,-0.006282964003699622,36.870624769970156,-16.19662022505147
F3,46,4,1713,549,39.0,-0.006279339349833701,36.870642788157355,27.541910728092134
F3,46,5,1757,596,28.0,-0.006288340355007774,36.87065528190442,16.594370597786142
F3,46,6,2157,769,182.0,-0.006310266235755367,36.87075697206275,170.7611806032834
F3,46,7,1644,1290,220.0,-0.006457151817191267,36.87066128988969,-151.46181480097044
F3,46,8,2173,1476,329.0,-0.0064760677592170576,36.87079377421961,-42.108491331438415
F3,46,9,2034,1572,277.0,-0.006505226596440976,36.870765736678436,-94.32887004922198
F3,46,10,2028,1616,307.0,-0.006515874534491447,36.87076639002903,-64.1493013478178
F3,46,11,1968,1660,0.0,-0.006529064437593837,36.87075440724834,-11.226280959006273
F3,46,12,1998,1781,278.0,-0.006556157352882264,36.87076708507556,-93.32219069368155
F3,46,13,2143,1633,30.0,-0.006514465941700909,36.870794095199734,18.58343745137369
F3,47,0,2138,1624,36.0,-0.006511063069468807,36.87079331057532,24.554216960402837
F3,47,1,1981,1781,272.0,-0.006555439577168253,36.87076391324667,-99.36157137248291
F3,47,2,1968,1649,353.0,-0.00652495503925041,36.870754699119495,-18.185580721629677
F3,47,3,2017,1605,305.0,-0.006512282943843813,36.87076410787344,-66.15803488085822
F3,47,4,2025,1564,259.0,-0.006502247597404727,36.87076406280259,-112.43543468182239
F3,47,5,2179,1473,338.0,-0.006473560556219338,36.87079584417173,-33.12363778383286
F3,47,6,1641,1292,250.0,-0.006456246172477452,36.87066148761144,-121.47110085370967
F3,47,7,2157,771,180.0,-0.006309219370761005,36.87075787179181,168.7737190364001
F3,47,8,1770,585,33.0,-0.006283619002115282,36.870658615807166,21.56811001925474
F3,47,9,1715,546,43.0,-0.0062770204405436765,36.87064392209976,31.528202188436364
F3,47,10,1630,524,0.0,-0.0062758389330793175,36.87062300321052,-11.226281005320786
F3,47,11,1460,459,257.0,-0.006268528748891521,36.87058018350773,-114.4446603041273
F3,47,12,2113,376,81.0,-0.0062182367036282,36.87072910615643,69.57445552930034
F3,47,13,2143,258,88.0,-0.006189026121191509,36.870730608749994,76.61358097728545
F3,48,0,2151,253,92.0,-0.006187200910748044,36.870732587287335,80.63842863661107
F3,48,1,2119,376,75.0,-0.006217683537480452,36.870730850480406,63.546823512948
F3,48,2,1466,464,243.0,-0.006269153480186214,36.87058216162321,-128.4873304722297
F3,48,3,1633,524,354.0,-0.006275426987212333,36.8706240455272,-17.191034610802898
F3,48,4,1718,544,41.0,-0.006276137335699859,36.87064487089985,29.534655740170706
F3,48,5,1773,566,30.0,-0.006278731045968622,36.870658769716165,18.583437500909643
F3,48,6,2162,771,180.0,-0.006308713278040064,36.87075938211335,168.77371899481776
F3,48,7,1644,1287,256.0,-0.0064546563291684195,36.87066229613663,-115.44900973508084
F3,48,8,2182,1473,333.0,-0.006473148610352119,36.87079688648842,-38.11296086138282
F3,48,9,2157,1600,59.0,-0.006504244041049859,36.87079697473172,47.508370181713175
F3,48,10,1965,1558,275.0,-0.0065033878005010095,36.870750082416315,-96.34211400871278
F3,48,11,2012,1600,283.0,-0.006511069687949801,36.870763044379174,-88.28854965045338
F3,48,12,1979,1649,355.0,-0.006524166505968168,36.87075761345563,-16.19662017841093
F3,48,13,1970,1775,270.0,-0.006554273182347182,36.87076139897952,-101.37417758235935
F3,49,0,1949,1759,351.0,-0.0065509086340385415,36.87075674949721,-20.17509419708593
F3,49,1,1968,1616,322.0,-0.006516326372087996,36.870754509106526,-49.10964468030206
F3,49,2,2001,1597,285.0,-0.006510296938721367,36.87076134277907,-86.27513383365502
F3,49,3,1970,1561,297.0,-0.006503275353372741,36.87075240540491,-74.19945716512069
F3,49,4,2146,1608,54.0,-0.006506062666193862,36.87079578747291,42.50824825401589
F3,49,5,2182,1482,336.0,-0.006474685007288575,36.87079832001466,-35.11870426385356
F3,49,6,1625,1292,228.0,-0.006456144803261363,36.87065909658347,-143.48422678389676
F3,49,7,2160,782,189.0,-0.006310814980807122,36.870760441151326,177.71538069635025
F3,49,8,1770,563,18.0,-0.006277581709324906,36.870658940135506,6.65555138977326
F3,49,9,1715,552,28.0,-0.0062775793734285495,36.87064555566049,16.594370638841994
F3,49,10,1633,511,354.0,-0.0062717806354040465,36.87062445037085,-17.191034651404824
F3,49,11,1466,464,250.0,-0.006268569661727182,36.87058317432474,-121.47110086046844
F3,49,12,2132,357,64.0,-0.00621201175419257,36.870734016805855,52.51432000757884
F3,49,13,2154,247,80.0,-0.006185062395078023,36.87073402144637,68.5694302781958
F3,50,0,2173,341,63.0,-0.006187745214595674,36.870736504090445,51.112073249668946
F3,50,1,2204,396,61.0,-0.0061991887090663035,36.87074642257024,49.109644726424975
F3,50,2,1795,623,28.0,-0.006272612339005413,36.87066172334673,16.196620246707923
F3,50,3,1740,601,11.0,-0.006270113049190296,36.87064778832769,-0.6953143701964735
F3,50,4,1655,585,344.0,-0.0062704905683488976,36.870627124584814,-27.541910722487103
F3,50,5,1488,544,257.0,-0.006268979232049481,36.870586062946806,-114.8464216617746
F3,50,6,2179,862,185.0,-0.006310178645520658,36.87076315319979,173.34444865672486
F3,50,7,1644,1369,238.0,-0.006455705249230185,36.87066253974992,-133.89225443520948
F3,50,8,2187,1542,328.0,-0.00646996835803991,36.87079797466765,-43.507804122820495
F3,50,9,2006,1611,0.0,-0.006495051433374427,36.87075896736809,-11.623814093600362
F3,50,10,2009,1674,311.0,-0.006509745290617181,36.8707627219984,-60.53546896969309
F3,50,11,1959,1665,319.0,-0.00651006435550333,36.87075058680771,-52.514320006338366
F3,50,12,2023,1709,56.0,-0.006517306901486681,36.870767693680364,44.10765000910707
F3,50,13,2173,1676,45.0,-0.0065022161802788855,36.87080119193364,33.123637814096995
F3,51,0,2335,321,59.0,-0.0061750499995932686,36.87077277862179,47.10814493228328
F3,51,1,2201,338,78.0,-0.00618559127034873,36.87074224879325,66.15803485930076
F3,51,2,1493,546,234.0,-0.006269125064861105,36.870586668343456,-137.89150872888803
F3,51,3,1652,571,333.0,-0.00626725771576597,36.87062508284159,-38.512348407723614
F3,51,4,1740,596,315.0,-0.006268853879957719,36.87064688462787,-56.523166734706756
F3,51,5,1806,623,4.0,-0.006271994363001302,36.8706636357239,-7.64906554142256
F3,51,6,2190,878,162.0,-0.0063133296099287415,36.87076584086197,150.46534429300843
F3,51,7,1663,1364,242.0,-0.006453519224328486,36.870666081705394,-129.88925650737295
F3,51,8,2031,1561,6.0,-0.006481972572297098,36.8707617327256,-5.662090782593962
F3,51,9,1949,1660,315.0,-0.0065092930050444356,36.87074734328932,-56.523166753890244
F3,51,10,2012,1671,283.0,-0.00650881089330415,36.87076261715477,-88.69124169623959
F3,51,11,2091,1646,30.0,-0.0064990681555969565,36.87077989033867,18.185580732673696
F3,51,12,2195,1548,332.0,-0.006470910080322003,36.870799475831134,-39.510977193096984
F3,51,13,2179,1679,38.0,-0.006502548789988374,36.87080207976745,26.147447176747747
F3,52,0,2577,321,76.0,-0.0061304670087111,36.87083035071543,66.66032877334463
F3,52,1,2516,321,60.0,-0.006132816224288633,36.870815943318945,50.611379568651216
F3,52,2,1510,747,240.0,-0.006272852711811278,36.87059463553973,-129.38862039718256
F3,52,3,1680,749,334.0,-0.006266781274807857,36.87063486380828,-35.018930215690226
F3,52,4,1715,793,235.0,-0.0062758956229240475,36.87064481351967,-134.3923662283772
F3,52,5,1833,799,11.0,-0.006272777910340342,36.870672913088846,1.7879580112782885
F3,52,6,2223,1057,170.0,-0.0063191052158558065,36.8707748954627,160.9192097436459
F3,52,7,1699,1561,252.0,-0.006459125780486107,36.870670413540054,-117.35676612907392
F3,52,8,2014,1523,355.0,-0.006437958998256189,36.87074335874188,-14.108748180125795
F3,52,9,1998,1833,322.0,-0.006512286553992171,36.87075143846748,-47.00809446698138
F3,52,10,2069,1844,303.0,-0.006512167785781255,36.870768628525354,-66.05758129196205
F3,52,11,2173,1781,0.0,-0.006493182513566861,36.87079078195856,-9.139454570153017
F3,52,12,2264,1726,329.0,-0.0064766001227042624,36.870810170994346,-40.010377675557145
F3,52,13,2245,1852,30.0,-0.006507291950019099,36.870810503438406,20.672564930350767
F3,53,0,2505,113,49.0,-0.006109732918588231,36.87084885205681,38.013119661903204
F3,53,1,2354,149,65.0,-0.006125066418294618,36.870814977049896,54.017220411655735
F3,53,2,1233,593,231.0,-0.006280718845964097,36.87057141837278,-139.98962234273216
F3,53,3,1411,612,337.0,-0.006277180259841202,36.87061410495373,-33.622323161491124
F3,53,4,1565,651,19.0,-0.006279457146721533,36.870652047570104,8.14584525514274
F3,53,5,1699,774,116.0,-0.006302512040809489,36.87068905568698,105.29765579605328
F3,53,6,1949,936,180.0,-0.006329558985356487,36.870755075408304,169.27061542851834
F3,53,7,1724,1375,343.0,-0.006443586608102884,36.87072187642292,-27.64152947434271
F3,53,8,1400,1419,266.0,-0.006468621500431592,36.870647700478806,-104.89532450670278
F3,53,9,1959,1589,311.0,-0.006483614341567018,36.87078670209864,-59.63241082229654
F3,53,10,1869,1635,6.0,-0.0064985606582461716,36.870767612053406,-4.768015613488793
F3,53,11,1751,1682,324.0,-0.006515007390264189,36.870741986096256,-46.607915993987866
F3,53,12,1693,1685,324.0,-0.006518335103300657,36.870728489052894,-46.6079159638708
F3,53,13,1949,1712,41.0,-0.006513168802934602,36.87078986638082,30.032965921792673
F3,54,0,1965,1696,28.0,-0.006508549020530233,36.87080084017103,17.091587418412058
F3,54,1,1957,1572,329.0,-0.006479608929891007,36.87079341046886,-41.608847527268914
F3,54,2,1872,1616,25.0,-0.006493837399939092,36.87077542983158,14.108748172710255
F3,54,3,1757,1679,334.0,-0.006513907768881169,36.87075125847952,-36.61558056645551
F3,54,4,1691,1665,329.0,-0.006513574632555044,36.87073514051176,-41.60884755427162
F3,54,5,1403,1413,265.0,-0.006467009902157444,36.87065625977728,-105.90111654670771
F3,54,6,1715,1356,344.0,-0.00643947736393937,36.87072693845062,-26.645427621377173
F3,54,7,1949,928,172.0,-0.0063277949463320824,36.87076269823046,161.31709473228415
F3,54,8,1858,867,134.0,-0.006317482797023841,36.87073860802726,123.37656695948121
F3,54,9,1565,656,18.0,-0.006280831579805607,36.87066038946077,7.1523012919763875
F3,54,10,1408,601,339.0,-0.006274912213121685,36.87062107677199,-31.627901124787805
F3,54,11,1227,593,247.0,-0.006281180576693353,36.87057823532802,-123.9781321697711
F3,54,12,2409,99,56.0,-0.00611117070860687,36.87083354897826,45.007576959512285
F3,55,0,1466,497,228.0,-0.006269984728896901,36.8705822947091,-141.78719563439537
F3,55,1,1647,497,316.0,-0.006262733154069743,36.870624881580184,-53.4159994874022
F3,55,2,1806,546,24.0,-0.006267969728444685,36.87066424213806,14.30757114928663
F3,55,3,2094,749,126.0,-0.006304516386352115,36.87074008320976,116.55358292644735
F3,55,4,2201,818,187.0,-0.006316573731931754,36.870768004780366,177.41738171879146
F3,55,5,1951,1227,320.0,-0.006423470486803274,36.87072545959548,-49.409950000524304
F3,55,6,1644,1309,259.0,-0.006455193647220686,36.87065648986643,-110.7270684967134
F3,55,7,1943,1564,339.0,-0.006503616960882176,36.87073698846934,-30.431650499013294
F3,55,8,2003,1572,321.0,-0.006503108102256946,36.87075142403015,-48.40901368984605
F3,55,9,2143,1482,24.0,-0.006476180643040558,36.87078078253427,14.307571184091655
F3,55,10,2212,1471,328.0,-0.006470810635316994,36.87079657955512,-41.40900631236965
F3,55,11,2215,1583,6.0,-0.006497220140198628,36.870801742538454,-3.5759629877146657
F3,56,0,1573,61,55.0,-0.006262614819995151,36.870640579384876,43.50780413395055
F3,56,1,1861,286,139.0,-0.006302063057959619,36.8707184927025,127.88636754837914
F3,56,2,1951,352,182.0,-0.00631337469577745,36.87074263896909,170.76118064529473
F3,56,3,1699,719,44.0,-0.0064116948715850835,36.87070083065242,32.52528602212198
F3,56,4,1392,834,269.0,-0.006453238054785359,36.870634369110476,-102.38034767270912
F3,56,5,1688,1098,335.0,-0.006501497305384268,36.87071597802127,-36.11656617142395
F3,56,6,1877,1868,258.0,-0.006673996633771483,36.87079620837161,-113.44013344398708
F3,56,7,1740,1103,328.0,-0.006500227384630327,36.870728379939194,-43.1079537292387
F3,56,8,1883,1002,35.0,-0.006469702356261941,36.870757119698595,23.558678834748388
F3,56,9,1959,1013,323.0,-0.006468716150192504,36.87077541822468,-48.108778219213676
F3,56,10,1949,1122,39.0,-0.006494865048696222,36.87077817485503,27.541910753990024
F3,56,11,1230,3,229.0,-0.006265097395056454,36.87055760456958,-142.48605223974678
F3,56,12,1405,1,,-0.006256388386393047,36.87059846147845,
F3,57,0,1438,86,340.0,-0.006457598733457416,36.870637774955824,-30.032965928009634
F3,57,1,1636,236,348.0,-0.006484677393604882,36.870690685700275,-22.06569050301709
F3,57,2,1773,129,354.0,-0.00645350855055557,36.87071837642837,-16.097185773699447
F3,57,3,1839,132,327.0,-0.0064514072848330635,36.870734024595635,-43.00799698677346
F3,57,4,1877,242,87.0,-0.006475831576492396,36.8707476155746,76.71418347300747
F3,57,5,1773,996,268.0,-0.006658775149750611,36.87075506247373,-102.27973498675212
F3,58,0,1630,223,2.0,-0.006482995866713234,36.87068959141611,-8.145845250189536
F3,58,1,1759,118,2.0,-0.006452641325305425,36.87071548541103,-8.145845208859704
F3,58,2,1809,108,331.0,-0.00644814382758758,36.87072682077775,-39.01163413006915
F3,58,3,1872,245,87.0,-0.00647789553091181,36.87074743348097,76.71418345350646
F3,58,4,1770,1013,294.0,-0.006664068476497037,36.87075594311315,-76.11058469739112
F3,59,0,2343,165,117.0,-0.0062978297588546965,36.87078803847321,106.50453259920158
F3,59,1,2818,289,178.0,-0.006306108570557523,36.87090473996926,167.48168183226994
F3,59,2,1836,483,309.0,-0.006395196592423151,36.87068321734966,-61.43869031028376
F3,59,3,1787,461,352.0,-0.006392171017947456,36.870670774995084,-18.483971166443403
F3,59,4,1534,664,249.0,-0.006451208543030759,36.870620410403895,-121.77201481246321
F3,59,5,2108,774,331.0,-0.006451816685884247,36.870759688279094,-39.41110397041794
F3,59,6,2064,801,4.0,-0.006460125732362788,36.87075056517812,-6.556203024988557
F3,59,7,1935,895,10.0,-0.006487986161047008,36.870724468492796,-0.595983669970203
F3,59,8,2193,925,112.0,-0.006483674533199335,36.87078621843285,101.47479880585993
F3,59,9,2075,1682,278.0,-0.0066673995877533495,36.870791762671175,-92.61749841165002
F3,60,0,3054,464,126.0,-0.006337634402730335,36.870968687315354,115.54943469255628
F3,60,1,2376,171,98.0,-0.00629846062911419,36.8707970258613,87.38250158713748
F3,60,2,1773,382,336.0,-0.006374831252211844,36.87066502675468,-34.42033202887961
F3,60,3,1833,478,331.0,-0.0063948222039860985,36.870683289760535,-39.4111039701005
F3,60,4,1543,656,231.0,-0.006449597093134804,36.87062316222402,-139.7898459996926
F3,60,5,2105,760,345.0,-0.006449319898063372,36.870759366152704,-25.45035196774848
F3,60,6,2066,793,4.0,-0.006458823212881968,36.870751677293946,-6.556203067155476
F3,60,7,1943,889,0.0,-0.0064868904883747395,36.87072707374439,-10.530631969730702
F3,60,8,2204,925,112.0,-0.0064838613946999035,36.870789789439705,101.47479879708914
F3,60,9,2077,1682,275.0,-0.006667983645502677,36.870793225486786,-95.63749888080011
F3,61,0,2088,1671,275.0,-0.006665022497004562,36.87079437437213,-95.63749887947147
F3,61,1,2223,930,143.0,-0.006484079079439754,36.870793512523285,132.59168960218747
F3,61,2,1946,889,9.0,-0.006486638601706697,36.870726740715966,-1.589294518778737
F3,61,3,2072,810,346.0,-0.006462415606751897,36.87075282701473,-24.454655302485698
F3,61,4,2102,744,321.0,-0.00644550480937757,36.87075696656498,-49.40994997269794
F3,61,5,1532,664,230.0,-0.0064518031973216615,36.87061975784294,-140.78863551830784
F3,61,6,1748,335,0.0,-0.006364568686089886,36.87065598020039,-10.530632040117037
F3,61,7,1836,467,343.0,-0.006391849888675834,36.870682415419495,-27.442293912421746
F3,61,8,2637,140,79.0,-0.006279235425642323,36.87085594095395,68.26795368251666
F3,61,9,3358,780,143.0,-0.006398500791660247,36.871053149425556,132.59168960990755
F3,62,0,1721,204,343.0,-0.006333518645794473,36.87064085541104,-27.442293914276306
F3,62,1,1811,431,329.0,-0.006383144479999259,36.87067192986279,-41.40900634232342
F3,62,2,1548,664,250.0,-0.006449786855361542,36.87062046934708,-120.7688951566192
F3,62,3,2069,705,328.0,-0.006436444524404448,36.870744472870555,-42.40830549066235
F3,62,4,2086,777,38.0,-0.006452695127366061,36.87075162083836,27.24306595464337
F3,62,5,1949,889,9.0,-0.006485196753652193,36.870724402989325,-1.5892945611329663
F3,62,6,2226,936,150.0,-0.006484054053403801,36.87079143817265,139.59006043966303
F3,62,7,2091,1671,273.0,-0.006663580648949975,36.87079203664548,-97.65061551016962
F3,62,8,2815,256,130.0,-0.006297451898118033,36.87089974250097,119.5648789272614
F3,62,9,3581,939,158.0,-0.006424882522488932,36.87110939353032,147.57443182135395
F3,63,0,1652,64,321.0,-0.006302187980939928,36.87061624982428,-49.40994999985385
F3,63,1,1718,113,331.0,-0.006310842032724754,36.87063388143849,-39.41110396699239
F3,63,2,1532,664,256.0,-0.006449173203481391,36.87061444067995,-114.74598400266964
F3,63,3,2025,631,351.0,-0.006419594105785762,36.870728628325274,-19.478698291893426
F3,63,4,2091,752,354.0,-0.0064452500217908205,36.870749420451666,-16.494931112590482
F3,63,5,1951,886,4.0,-0.0064830792376623135,36.870722464646036,-6.556203024998982
F3,63,6,2242,963,325.0,-0.006488401961761283,36.87079410049643,-45.40760546142444
F3,63,7,2826,261,144.0,-0.0062968257516015065,36.87090026633163,133.5921591918624
F3,63,8,2083,1682,305.0,-0.006665210969393385,36.87078836728409,-65.45489668546176
F3,64,0,1575,102,32.0,-0.006283196318931555,36.870608599598995,21.66762288780385
F3,64,1,1671,247,348.0,-0.0063134362970037414,36.8706373114254,-22.065690548954223
F3,64,2,2171,58,168.0,-0.0062473901233600975,36.87074689916627,157.934309407423
F3,64,3,1962,673,333.0,-0.006401897639210597,36.87072377159086,-37.01483234035049
F3,64,4,1905,714,342.0,-0.006414032735095126,36.87071210176064,-28.040023789672617
F3,64,5,1488,804,263.0,-0.0064531044491718675,36.87061784407318,-107.30901511926758
F3,64,6,1916,1013,0.0,-0.006484353896527795,36.87072734045119,-10.133136872968105
F3,64,7,2195,1089,164.0,-0.006490462170406072,36.87079616875337,153.95214333965612
F3,64,8,2050,1819,287.0,-0.006669470180267117,36.870792958148186,-83.15460486474922
F3,64,9,2983,588,123.0,-0.00633827993367781,36.87096028358142,112.93780516212435
F3,65,0,1597,53,30.0,-0.006269318572146338,36.870611723548954,19.677661165487596
F3,65,1,1663,198,308.0,-0.0063008365187505275,36.87063338027265,-62.04092697259509
F3,65,2,2173,69,149.0,-0.006248569656578514,36.8707478585411,138.99064825044218
F3,65,3,1877,626,358.0,-0.0063930514902260085,36.87070181696876,-12.120751257347017
F3,65,4,1839,637,336.0,-0.006397274555547965,36.8706933459569,-34.02131022543261
F3,65,5,1951,651,339.0,-0.006395818043253326,36.87072027739985,-31.029738609067923
F3,65,6,1488,810,270.0,-0.006453185405210794,36.87061812153893,-100.26728536416057
F3,65,7,2204,1098,211.0,-0.0064908700009336665,36.87079868969128,-159.32743504011353
F3,65,8,3314,897,107.0,-0.00639599740680753,36.8710512234216,96.84539510218931
F3,65,9,2034,1822,289.0,-0.006669522454475181,36.87078934595117,-81.14162996797856
F3,66,0,2119,1978,306.0,-0.006675220436044895,36.87080852816148,-66.15803488563748
F3,66,1,2289,1284,206.0,-0.006503394320582829,36.87081289004835,-166.3882901777515
F3,66,2,3487,1117,128.0,-0.006402750854950326,36.87108407628408,115.85069861237258
F3,66,3,1578,977,272.0,-0.006467674418828147,36.870631271661296,-100.36791621527155
F3,66,4,2058,829,343.0,-0.006408291191726925,36.87073579961235,-29.136043777892215
F3,66,5,1976,774,354.0,-0.0063995664309669026,36.870713856102455,-18.185580696385145
F3,66,6,2280,256,153.0,-0.006262239526480914,36.87075846074971,140.88850181414858
F3,66,7,2058,138,82.0,-0.006245881988296913,36.870700625733406,69.57445552850666
F3,66,8,1710,217,34.0,-0.0062822833366870945,36.87062340241787,21.568109952930843
F3,66,9,1754,354,300.0,-0.006312228314720818,36.870640648421244,-72.1882265806142
F3,66,10,1765,445,0.0,-0.006333052796993179,36.870647848659615,-12.220141538902444
F3,66,11,1619,113,282.0,-0.0062625030729237495,36.87059686351313,-90.30202179795593
F3,67,0,1625,149,286.0,-0.006243975487409733,36.87059658445079,-85.16780307113676
F3,67,1,2086,184,72.0,-0.006230694678010318,36.870706265318866,60.63581888687392
F3,67,2,1724,278,30.0,-0.006269790610952832,36.87062577673311,18.682905150372804
F3,67,3,1751,393,291.0,-0.006295666234813171,36.870637442755545,-80.13524623465608
F3,67,4,1781,497,8.0,-0.006318805954914255,36.87064930143758,-3.178622040854741
F3,67,5,1581,1024,271.0,-0.006452509926683535,36.87062688120083,-100.26728536756416
F3,67,6,1981,815,0.0,-0.006384501283371088,36.87071093949085,-11.126899976580512
F3,67,7,2042,851,339.0,-0.006390146212607315,36.87072690845256,-32.026717796246935
F3,67,8,2300,310,180.0,-0.00625042856813143,36.87076227388275,168.87310002034314
F3,67,9,2300,1345,238.0,-0.006494663213962454,36.87081030990661,-133.39208398619667
F3,67,10,2113,2030,294.0,-0.006665043897942479,36.87079826985075,-77.11660384116036
F3,67,11,3726,1630,138.0,-0.006495287226579884,36.871157785621264,126.98476947574359
F3,68,0,2009,22,85.0,-0.006215253139499803,36.870687292234415,72.18822658092827
F3,68,1,1628,80,2.0,-0.006248968516112177,36.87060164194769,-10.630007824369109
F3,68,2,1671,143,353.0,-0.006261462087757123,36.870614957001536,-19.578179032661154
F3,68,3,1630,190,270.0,-0.006274642382430933,36.87060787829643,-102.78278848685419
F3,68,4,2204,146,165.0,-0.006234014719311713,36.870739191547784,152.45808923323938
F3,68,5,1918,634,345.0,-0.00636348705735022,36.87069821478572,-27.541910722060997
F3,68,6,1874,629,1.0,-0.006364639126233729,36.8706877097105,-11.623814106667135
F3,68,7,1466,840,274.0,-0.006435637446462859,36.870603800703336,-98.75772757903862
F3,68,8,2179,1174,188.0,-0.0064762562094982795,36.87078730224738,175.33132402220548
F3,68,9,2009,1833,72.0,-0.006639677395633322,36.870782300067084,59.13078352827551
F3,68,10,3704,1657,150.0,-0.006508908615006714,36.871167646179295,137.4917517489998
F3,69,0,3742,1772,187.0,-0.006596032791968705,36.87123011869915,174.63593798662117
F3,69,1,1861,1616,97.0,-0.006656465805340279,36.87078373596085,84.56382401337214
F3,69,2,2042,1002,145.0,-0.00650306422436776,36.87079445757709,132.791802276098
F3,69,3,1762,415,343.0,-0.006379779451762459,36.87069912129665,-29.235693695789788
F3,69,4,1721,404,341.0,-0.006379313573824932,36.87068900210704,-31.229117808997014
F3,69,5,1307,640,280.0,-0.006456043948600208,36.870604607672306,-92.4161556676128
F3,70,0,1438,9,165.0,-0.006301064334385399,36.87060086414966,152.75693404137346
F3,70,1,1309,640,291.0,-0.0064557721275711345,36.870603132852914,-81.34291554450628
F3,70,2,1726,401,356.0,-0.006378183093815823,36.870688072746866,-16.296055928615978
F3,70,3,1773,415,345.0,-0.006379043345254402,36.87069974403227,-27.243065919381984
F3,70,4,2058,1026,188.0,-0.00650770135871097,36.87079747542739,175.6293407831866
F3,70,5,1872,1611,106.0,-0.00665455653690907,36.870784102486816,93.62419773700758
F3,70,6,2497,727,149.0,-0.006414899461789259,36.87088446816213,136.79208711298458
F3,70,7,2596,343,197.0,-0.006319693485850726,36.870887864365734,-175.43066327218338
F3,71,0,999,256,292.0,-0.006458019480841709,36.87057817685686,-80.03461209178637
F3,71,1,2212,343,157.0,-0.0064173714135291795,36.87086555405411,145.08084164037498
F3,71,2,1729,744,174.0,-0.00653588895786541,36.87077291561369,162.0133393241043
F3,71,3,1586,1243,85.0,-0.0066603048972287285,36.870764510327135,72.79154058579152
F3,71,4,2398,788,161.0,-0.006512534996207718,36.87093121214618,149.06994790299748
F3,71,5,2656,1290,278.0,-0.006617462058682867,36.87101652095878,-94.12753677327926
F4,0,0,1485,546,213.0,-0.004285084925171301,36.8739796955501,-155.34621963644594
F4,0,1,1351,774,172.0,-0.004344439181984473,36.873955583355155,163.90281423733032
F4,0,2,1573,760,180.0,-0.004333401429718839,36.874008025674826,171.85415475483467
F4,0,3,2530,1756,239.0,-0.004539343793299259,36.87427038339545,-129.38862044128328
F4,0,4,2574,1583,141.0,-0.0044963021247978,36.87427492962734,132.99190555945893
F4,1,0,1496,541,203.0,-0.004283609524352316,36.87398082828248,-165.29476943222073
F4,1,1,1367,788,145.0,-0.004347350853352041,36.87395856075923,136.9920030361734
F4,1,2,1586,758,169.0,-0.004332576859075876,36.874009738252234,160.91920975597964
F4,1,3,2546,1745,227.0,-0.004536255471739104,36.87427250197537,-141.3877990225821
F4,1,4,2615,1583,145.0,-0.004494989187934857,36.8742833859166,136.9920029990439
F4,2,0,1490,549,195.0,-0.004285572221430359,36.8739793000626,-173.24509971223355
F4,2,1,1373,815,154.0,-0.004353458531204,36.873960545962525,145.978689785424
F4,2,2,1584,769,161.0,-0.004335121217355044,36.87400926666353,152.95615438798822
F4,2,3,2618,1591,155.0,-0.0044966406246249,36.87428400323434,146.97609280728932
F4,2,4,2544,1742,232.0,-0.004535439833979798,36.87427154944513,-136.39222742570848
F4,3,0,1482,560,185.0,-0.0042882966644077125,36.873978069565844,176.82137791262755
F4,3,1,1551,738,63.0,-0.004328630284404288,36.87400063351549,54.61852177297881
F4,3,2,1584,774,183.0,-0.004336128986130021,36.874009737193525,174.83462180219496
F4,3,3,2626,1594,189.0,-0.004496891718064879,36.874286312202955,-179.20535481387245
F4,3,4,2546,1742,244.0,-0.004535178435194326,36.87427232499644,-124.37913214756517
F4,4,0,1496,563,169.0,-0.004288496722904637,36.87398198791132,160.9192097736755
F4,4,1,1575,727,79.0,-0.004325076116545931,36.87400642252921,70.68016105766904
F4,4,2,1595,780,166.0,-0.0043370885223734884,36.87401300239424,157.93430940248956
F4,4,3,2637,1594,165.0,-0.004496200790042568,36.87428900620147,156.939025694581
F4,4,4,2541,1740,272.0,-0.004534510185735819,36.87427115960654,-96.24145620633601
F4,5,0,1504,571,194.0,-0.004290223979698632,36.87398567004374,-174.2385653401471
F4,5,1,1578,733,64.0,-0.0043264967019932795,36.87400884565571,55.62086785996997
F4,5,2,1606,785,158.0,-0.004337993114734162,36.87401729583837,149.9670340906021
F4,5,3,2557,1745,273.0,-0.0045352420840887,36.87427664344141,-95.2348513370317
F4,5,4,2651,1605,153.0,-0.004498439862056826,36.87429421972555,144.9810697426875
F4,6,0,1510,574,209.0,-0.004290246856615598,36.873986236515776,-159.3274350733832
F4,6,1,1589,730,59.0,-0.004324908788845004,36.87401039667299,50.61137958362121
F4,6,2,1611,799,165.0,-0.0043406870398935305,36.874018001615696,156.93902573245805
F4,6,3,2662,1608,162.0,-0.004498290044966324,36.87429597658835,153.95214333577667
F4,6,4,2555,1748,266.0,-0.004535541271415929,36.87427530528825,-102.27973501863998
F4,7,0,1501,574,212.0,-0.004290954505449607,36.87398393882544,-156.34177512052608
F4,7,1,1589,719,41.0,-0.004322669079026433,36.87400986430256,32.62500598049499
F4,7,2,1614,854,149.0,-0.004354162770318265,36.87402044778036,140.98836582722876
F4,7,3,2651,1608,157.0,-0.004499066771403955,36.874293202741704,148.97026134262993
F4,7,4,2541,1742,276.0,-0.0045349835181988235,36.87427161136164,-92.21481219032187
F4,8,0,1499,568,214.0,-0.0042906980067368905,36.87398345498349,-154.3504870902725
F4,8,1,1597,694,35.0,-0.004317513221448042,36.87401110939799,26.645427547263754
F4,8,2,1639,881,129.0,-0.004360883252294657,36.87402752419879,120.96953578700078
F4,8,3,2653,1611,144.0,-0.004500829261574174,36.87429397998063,135.9923301577711
F4,8,4,2533,1740,273.0,-0.00453589298300035,36.87426983628113,-95.2348513404441
F4,9,0,1444,546,203.0,-0.00429370570471577,36.87398465789257,-165.6924288337323
F4,9,1,1565,651,56.0,-0.00431440997504956,36.87401712627066,47.20819769353357
F4,9,2,1663,958,130.0,-0.0043841829619749246,36.874051385448006,121.57140765184505
F4,9,3,2596,1608,123.0,-0.004505708731483945,36.87429601434589,114.54510327365746
F4,9,4,2475,1731,270.0,-0.004539451381775622,36.87427172516671,-98.65708444334265
F4,10,0,1433,552,187.0,-0.00429632088671868,36.87398202525255,178.41070550550117
F4,10,1,1581,640,83.0,-0.004311990401090405,36.87402028827666,74.30003213043057
F4,10,2,1674,963,98.0,-0.0043857648017990684,36.87405393541462,89.3959566051589
F4,10,3,2590,1605,132.0,-0.0045059941156879585,36.87429424486102,123.577097376276
F4,10,4,2453,1720,265.0,-0.004538404194910374,36.874265873433984,-103.68822002600272
F4,11,0,1436,571,165.0,-0.004300787352204858,36.87398277340695,156.5408655019532
F4,11,1,1592,645,70.0,-0.004312824711010533,36.87402243182875,61.23796052704093
F4,11,2,1691,972,96.0,-0.004387337628153887,36.87405764568334,87.38250160339123
F4,11,3,2593,1613,119.0,-0.004507833756056232,36.874294598404944,110.52605401976523
F4,11,4,2445,1715,270.0,-0.004537536675543162,36.87426315137991,-98.65708444272114
F4,12,0,1266,453,171.0,-0.0043076973227138,36.87397785173465,162.80896535795722
F4,12,1,1438,522,71.0,-0.004318162957839807,36.874020957420534,62.54284456439623
F4,12,2,1543,859,110.0,-0.004394837247208256,36.87405745682575,101.77665699224866
F4,12,3,2420,1482,122.0,-0.004512836761207473,36.8742866120866,113.84196509944317
F4,12,4,2283,1583,299.0,-0.0045416743140820545,36.87425766463762,-69.17242661075078
F4,13,0,1277,470,178.0,-0.004314468721121361,36.8739755425653,167.97863807589786
F4,13,1,1447,524,105.0,-0.004320100882588674,36.874017909278336,94.93286113799226
F4,13,2,1581,865,85.0,-0.004395406708843617,36.87406384293318,74.80292526405331
F4,13,3,2426,1479,117.0,-0.004505465145769851,36.87428895025909,107.00734403422481
F4,13,4,2286,1572,306.0,-0.004533470620905454,36.874259835831985,-63.94846797658733
F4,14,0,1400,513,187.0,-0.004303809853638728,36.87398592979458,177.91404576092205
F4,14,1,1573,571,98.0,-0.004311014166363643,36.874028996418794,88.89258840113602
F4,14,2,1704,922,116.0,-0.004389507259041372,36.87407322800683,107.0073440463831
F4,14,3,2538,1545,124.0,-0.004505912357599186,36.87429383854284,115.04729159394202
F4,14,4,2393,1638,315.0,-0.00453355600258926,36.8742631010963,-53.91701129192543
F4,15,0,1408,508,178.0,-0.0043049774543148294,36.87398712306112,168.9724802535344
F4,15,1,1603,571,97.0,-0.004312532867593544,36.87403557646464,87.88585986514238
F4,15,2,1735,928,110.0,-0.0043924149363610086,36.87408027135573,100.97168355023216
F4,15,3,2398,1638,328.0,-0.004536027120576141,36.874263774811325,-40.90944398526558
F4,15,4,2552,1553,116.0,-0.004509943369233105,36.87429694127006,107.00734404512188
F4,16,0,1411,513,182.0,-0.004309569292198798,36.8739886776885,172.9470498622453
F4,16,1,1619,563,81.0,-0.004313537457782601,36.87403971044278,71.78604463562635
F4,16,2,1743,925,81.0,-0.0043949135272127165,36.874082704516184,71.78604464416918
F4,16,3,2546,1542,125.0,-0.0045110725497890854,36.87429576415215,116.05153202675903
F4,16,4,2409,1630,328.0,-0.004537222194115961,36.87426672752329,-40.909443953268315
F4,17,0,1455,557,104.0,-0.004316859065807565,36.87400299512338,94.93286113780692
F4,17,1,1636,552,59.0,-0.004308774341184416,36.87404556775034,49.7102761734569
F4,17,2,1751,917,71.0,-0.004391206817027354,36.87408654906957,61.73979982972852
F4,17,3,2401,1638,345.0,-0.0045379305580171645,36.874267397491145,-23.95687328982144
F4,17,4,2546,1545,121.0,-0.00451028691302701,36.87429813493768,112.03350828202923
F4,18,0,1504,574,79.0,-0.004319702336119754,36.874017963112344,69.77547928971661
F4,18,1,1644,549,94.0,-0.004308422665776692,36.87405009252403,84.86581166293318
F4,18,2,1751,914,90.0,-0.004391159914982021,36.87408918381738,80.83970695366457
F4,18,3,2393,1633,353.0,-0.004537712738414688,36.87426806652983,-15.997752585508561
F4,18,4,2541,1548,146.0,-0.004511857567093984,36.874299815469165,137.09195745422275
F4,19,0,1559,577,92.0,-0.00431935135714156,36.87403325402561,82.8526428213932
F4,19,1,1641,544,73.0,-0.004308378529994761,36.874051378016695,63.74764202470634
F4,19,2,1762,917,98.0,-0.00439248518949638,36.87409407958842,88.89258839670741
F4,19,3,2396,1638,351.0,-0.00453981847721145,36.87427114795826,-17.986660673849173
F4,19,4,2549,1550,149.0,-0.0045130592861586235,36.87430396463885,140.08950705202668
F4,20,0,1641,538,104.0,-0.0043073345457434915,36.87404917336157,94.93286113813367
F4,20,1,1628,579,94.0,-0.0043175814663205326,36.874047653576646,84.86581166307859
F4,20,2,1765,911,99.0,-0.0043913269152341845,36.87409258369298,89.89932605455184
F4,20,3,2393,1616,8.0,-0.004535083255610337,36.87426762907723,-1.0926379255581264
F4,20,4,2541,1550,169.0,-0.0045137471480308465,36.874300097007676,160.02388351699824
F4,21,0,1534,579,126.0,-0.0043150058287617496,36.874056144130776,118.36057200588229
F4,21,1,1537,618,108.0,-0.004324202803658044,36.87405811905958,100.26728538037656
F4,21,2,1661,944,101.0,-0.004397850508292253,36.8740980460649,93.22152112327743
F4,21,3,2286,1616,19.0,-0.004537604504369442,36.87426779801796,11.126899967442954
F4,21,4,2429,1550,163.0,-0.004517206079269456,36.87429951092805,155.3462195823108
F4,22,0,1661,678,133.0,-0.004310939313484174,36.874060986756085,124.17863656166284
F4,22,1,1661,716,129.0,-0.004319955909610491,36.87406240528445,120.16692385487806
F4,22,2,1784,1048,96.0,-0.00439410998920739,36.87410378866342,86.97981881848591
F4,22,3,2396,1729,22.0,-0.004532697141323816,36.87427345271675,12.915900784810445
F4,22,4,2530,1671,180.0,-0.004513899077147252,36.874302870109624,171.0592729003895
F4,23,0,1663,686,135.0,-0.0043198294347445544,36.874064940948855,125.68213894469578
F4,23,1,1666,730,126.0,-0.004330135925013445,36.874067379957346,116.653987450502
F4,23,2,1792,1048,87.0,-0.0044004874762749845,36.87410955921335,77.41842991103822
F4,23,3,2396,1729,56.0,-0.004537895997424909,36.87427853525059,46.30780672185904
F4,23,4,2538,1674,182.0,-0.004519233828810231,36.87430978958005,172.5496418933897
F4,24,0,1570,618,110.0,-0.004313621137263415,36.8740577087986,102.17912133081603
F4,24,1,1575,662,135.0,-0.004323939870850641,36.874060337235676,127.28532260039107
F4,24,2,1699,985,120.0,-0.004396802486358011,36.874100293333434,112.23447479023488
F4,24,3,2305,1641,76.0,-0.00453307381959538,36.87426526494494,67.96649168791296
F4,24,4,2453,1586,189.0,-0.004515075399378902,36.874298487097725,-178.90736205821878
F4,25,0,1597,629,113.0,-0.0043152573038062955,36.87406194852716,105.19707475662877
F4,25,1,1584,667,130.0,-0.004324741532386989,36.87406011969515,122.27349597205398
F4,25,2,1710,991,121.0,-0.004397776295291937,36.87410058199233,113.23920726694837
F4,25,3,2319,1638,63.0,-0.004531803974119712,36.87426596806308,54.919202415794324
F4,25,4,2448,1583,152.0,-0.004514433755273941,36.874294693319385,144.2826051965393
F4,26,0,1608,640,102.0,-0.00431756260960789,36.874063018378465,94.12753675922177
F4,26,1,1586,673,124.0,-0.004326153037970013,36.87405889522813,116.25235799112613
F4,26,2,1713,991,131.0,-0.004397725094498991,36.87409939715272,123.27629853918143
F4,26,3,2324,1635,43.0,-0.004530971825293589,36.87426515805532,34.919158325697964
F4,26,4,2453,1583,170.0,-0.004514316428020718,36.8742939818373,162.21225390035414
F4,27,0,1608,640,88.0,-0.004317062153967747,36.874065785349735,80.03461212542771
F4,27,1,1592,678,111.0,-0.0043266455722383605,36.874063246481434,103.18521301192888
F4,27,2,1718,1002,151.0,-0.004399680335143192,36.874103708778605,143.28460987019952
F4,27,3,2338,1622,11.0,-0.00452691092428351,36.87427081158466,3.0792875153587724
F4,27,4,2456,1589,155.0,-0.004515146425836334,36.87429765589621,147.27527191482017
F4,28,0,1693,697,69.0,-0.00431348846774995,36.874068334593545,58.72951891346159
F4,28,1,1677,733,138.0,-0.004322689282663649,36.87406607921373,128.08669764348
F4,28,2,1784,1057,163.0,-0.004394908013472588,36.87410482693464,153.05576173207805
F4,28,3,2376,1687,357.0,-0.00451913636934913,36.87427049019183,-13.015299025068284
F4,28,4,2508,1674,152.0,-0.004510489083707725,36.87430099760226,142.08671921568015
F4,29,0,1600,631,61.0,-0.00431702140384387,36.874066636644926,52.915043834449285
F4,29,1,1592,673,139.0,-0.004327293411705361,36.8740661225743,131.2907298561028
F4,29,2,1707,991,139.0,-0.004399262226994041,36.874103784353736,131.29072985725426
F4,29,3,2316,1583,354.0,-0.0045201848436512435,36.874267364120406,-13.810521966642266
F4,29,4,2439,1578,146.0,-0.004514926697068245,36.87429631139876,138.29122839619734
F4,30,0,1597,637,73.0,-0.004318301736449893,36.87406400405408,64.95270840586217
F4,30,1,1584,681,152.0,-0.0043292301406289155,36.87406237010061,144.28260520828653
F4,30,2,1699,993,130.0,-0.00439986323976526,36.87409988471515,122.2734959585218
F4,30,3,2311,1583,351.0,-0.00452037036785801,36.874264327508264,-16.793253462055134
F4,30,4,2431,1583,154.0,-0.004516397497180711,36.874292766777955,146.27793327237038
F4,31,0,1600,637,66.0,-0.004319021703530726,36.874064975634724,57.92709017292056
F4,31,1,1584,686,151.0,-0.004331226134235596,36.87406279802725,143.28460993679084
F4,31,2,1696,999,97.0,-0.004402102769925996,36.874099585560934,89.09393546475484
F4,31,3,2308,1558,2.0,-0.004515063159591156,36.87426279158145,-5.86077901954041
F4,31,4,2442,1583,160.0,-0.004516589533207249,36.87429532758296,152.2588498689082
F4,32,0,1608,631,66.0,-0.004317878192860295,36.87406677937148,57.92709017286259
F4,32,1,1592,694,180.0,-0.004333418457572415,36.874065061550496,172.15222446689341
F4,32,2,1710,1004,155.0,-0.004403381892309848,36.87410317063108,147.2752718799671
F4,32,3,2319,1531,13.0,-0.004508816708219527,36.87426461567476,5.066036886808838
F4,32,4,2445,1583,147.0,-0.004517040981832401,36.87429614497726,139.29036475803832
F4,33,0,1617,634,79.0,-0.0043154117563501656,36.87406882614222,70.98174837237171
F4,33,1,1652,796,148.0,-0.004352904765967597,36.87408244840016,140.28926958193793
F4,33,2,1718,1002,146.0,-0.00439986946051813,36.87410486443685,138.2912283764409
F4,33,3,2322,1528,5.0,-0.004505371614136977,36.874265306598765,-2.880619119573701
F4,33,4,2445,1583,159.0,-0.004514421934012734,36.87429626555948,151.26253649967586
F4,34,0,1611,637,86.0,-0.004315788423414268,36.87406541965472,78.02210893192681
F4,34,1,1713,936,129.0,-0.004383750232142667,36.87409942583526,121.2704810662159
F4,34,2,1704,1004,120.0,-0.004400272394493889,36.874099529112414,112.23447477786455
F4,34,3,2313,1528,336.0,-0.004505131829569067,36.87426109047264,-31.727602143665294
F4,34,4,2442,1594,155.0,-0.004516608008375024,36.8742938331387,147.2752719034076
F4,35,0,1592,585,61.0,-0.004317555561705043,36.87406196667143,51.212218886211524
F4,35,1,1691,897,142.0,-0.00438767988676894,36.87409777154135,132.59168964864952
F4,35,2,1677,961,111.0,-0.004403442530689745,36.87409702246476,101.47479880980627
F4,35,3,2264,1493,337.0,-0.004506214381273141,36.874256731782936,-32.42556820719451
F4,35,4,2396,1561,157.0,-0.0045170621061559404,36.87429058575939,147.57443186368022
F4,36,0,1595,596,75.0,-0.004319600062071873,36.87406310025703,65.25401600156587
F4,36,1,1693,897,157.0,-0.004387152014453527,36.8740982302924,147.57443186369187
F4,36,2,1680,969,114.0,-0.0044047745192014156,36.87409803634476,104.49297447418915
F4,36,3,2258,1487,338.0,-0.0045045828515402845,36.87425506381068,-31.428505296772546
F4,36,4,2398,1572,157.0,-0.0045191467773090166,36.87429148343099,147.57443186372967
F4,37,0,1595,590,90.0,-0.004318343959279078,36.87406275922933,80.33651687106968
F4,37,1,1707,914,146.0,-0.0043907961115382,36.874102109803815,136.59216196255133
F4,37,2,1685,969,109.0,-0.004404742586186094,36.874099114298325,99.46220939184272
F4,37,3,2261,1484,339.0,-0.004503918748242831,36.87425555023062,-30.431650509462173
F4,37,4,2409,1583,146.0,-0.004521486363042298,36.874294415789166,136.5921619602085
F4,38,0,2267,1484,348.0,-0.004503643719961912,36.874257840929346,-21.46859870701556
F4,38,1,2415,1589,156.0,-0.004522636358471451,36.8742969458991,146.57715741314655
F4,38,2,1696,966,111.0,-0.0044035541921176,36.874102464861494,101.474798809462
F4,38,3,1713,917,157.0,-0.00439123359511269,36.87410452020814,147.57443186370872
F4,38,4,1606,588,78.0,-0.004317393069162406,36.87406614969438,68.26795369519941
F4,39,0,1619,588,77.0,-0.004317303845899424,36.87406860480377,67.26313797255328
F4,39,1,1721,928,144.0,-0.004393957769251072,36.87410623466803,134.59239453531274
F4,39,2,1702,969,129.0,-0.004404458676215464,36.87410338827842,119.56487897311597
F4,39,3,2278,1484,344.0,-0.004503634838271344,36.87425982421071,-25.450351984210123
F4,39,4,2420,1589,160.0,-0.004522868501500442,36.8742975136964,150.56500019719394
F4,40,0,1633,585,55.0,-0.004315149512217394,36.874071291123535,45.207586522189494
F4,40,1,1726,933,137.0,-0.004394065004261512,36.87410711697665,127.58585532347085
F4,40,2,1702,974,126.0,-0.00440476676515868,36.874103091016984,116.55358293060378
F4,40,3,2278,1479,356.0,-0.004501567887697571,36.8742591279306,-13.512305512206801
F4,40,4,2426,1594,145.0,-0.004522935565723898,36.87429863191903,135.59239546043463
F4,41,0,1636,588,61.0,-0.00431519608362069,36.87407194473138,51.21221891238319
F4,41,1,1732,939,120.0,-0.004394703575160215,36.87410859803213,110.52605404643874
F4,41,2,1713,974,142.0,-0.004403779458414398,36.87410551223131,132.59168964892194
F4,41,3,2269,1471,353.0,-0.004499483965071264,36.87425651164976,-16.494931120629435
F4,41,4,2423,1611,162.0,-0.004526548217170314,36.874298428668965,152.557706082876
F4,42,0,1630,585,47.0,-0.004314798910719623,36.87406960058602,37.2144717372914
F4,42,1,1729,936,138.0,-0.004394185889899555,36.8741069616288,128.58748302108097
F4,42,2,1710,980,152.0,-0.004405399308719068,36.87410423494479,142.58587983515852
F4,42,3,2269,1473,335.0,-0.004500033287209436,36.874255782497805,-34.4203320511565
F4,42,4,2420,1602,155.0,-0.004524605508199728,36.874296552854425,145.57966794843688
F4,43,0,1617,590,62.0,-0.004315969803945469,36.87406630073042,52.213800977093
F4,43,1,1726,941,144.0,-0.004394955075259998,36.87410602091331,134.59239453528465
F4,43,2,1702,985,118.0,-0.004406369348012279,36.87410211465925,108.51557713217736
F4,43,3,2261,1473,337.0,-0.004499815806744518,36.874253462702924,-32.42556817164048
F4,43,4,2418,1605,148.0,-0.004524859514870296,36.87429576824921,138.5909936899318
F4,44,0,1641,577,20.0,-0.00431227491686766,36.87407016988858,10.33188279060912
F4,44,1,1729,944,135.0,-0.0043959038379268525,36.87410557430713,125.58192092570302
F4,44,2,1707,982,142.0,-0.004405812745395807,36.87410190046989,132.5916896203378
F4,44,3,2261,1473,346.0,-0.004500172569915928,36.874252188649116,-23.459134555880404
F4,44,4,2420,1605,138.0,-0.004525135936468469,36.87429496602342,128.58748299016352
F4,45,0,1650,566,21.0,-0.004311135109074472,36.87407027282285,11.325662940171272
F4,45,1,1735,947,122.0,-0.004398209597817099,36.874105528125526,112.5359121118692
F4,45,2,1715,991,144.0,-0.004409463187423174,36.874102565527515,134.59239456562597
F4,45,3,2261,1460,341.0,-0.00449891929129836,36.874250088553545,-28.4385490455799
F4,45,4,2423,1611,138.0,-0.004528274720573223,36.87429433180539,128.58748296376552
F4,46,0,1655,555,28.0,-0.004308332680563735,36.87407108987753,18.285042802315555
F4,46,1,1740,950,147.0,-0.004398732224630174,36.87410690380636,137.5916944715763
F4,46,2,1721,985,135.0,-0.004407808107884364,36.874103818005544,125.58192095083956
F4,46,3,2261,1452,351.0,-0.004497030228575548,36.87424984574378,-18.483971212980443
F4,46,4,2429,1611,135.0,-0.004528044664744265,36.874295823694624,125.58192089557969
F4,47,0,1663,546,24.0,-0.004305892425820287,36.87407304250033,14.307571158299401
F4,47,1,1748,955,143.0,-0.004399617025210502,36.8741094150553,133.59215917019694
F4,47,2,1726,991,139.0,-0.00440905092477607,36.874105661414326,129.58888176799553
F4,47,3,2261,1441,355.0,-0.004494436332221167,36.87424983125075,-14.506398613735646
F4,47,4,2439,1619,164.0,-0.004529561635605875,36.8742989264772,154.5496479775704
F4,48,0,1674,530,24.0,-0.004301120960740391,36.874074459352286,14.307571158378847
F4,48,1,1754,961,137.0,-0.00440027150100077,36.87411053017833,127.58585527156481
F4,48,2,1729,1002,113.0,-0.004411013432684534,36.87410626830465,103.48702042310477
F4,48,3,2267,1430,336.0,-0.004491053240832305,36.874250268042005,-33.422842586731576
F4,48,4,2442,1627,139.0,-0.004530811631658941,36.87429941366192,129.58888179025718
F4,49,0,1674,519,12.0,-0.004296937397894995,36.8740744455791,2.383952076801636
F4,49,1,1759,958,144.0,-0.004397787115836231,36.87411201519012,134.59239453506896
F4,49,2,1737,996,133.0,-0.0044076960233052215,36.87410834135288,123.57709737256063
F4,49,3,2258,1435,340.0,-0.004491031278293562,36.8742487694726,-29.434999765942713
F4,49,4,2437,1627,161.0,-0.0045294414662154035,36.87429865923922,151.5614509915411
F4,50,0,1674,505,13.0,-0.0042942068564493915,36.87407550733233,3.3772919899721874
F4,50,1,1759,966,139.0,-0.004400281661328119,36.87411395478446,129.58888179437585
F4,50,2,1729,993,152.0,-0.004407899391620823,36.87410795471458,142.58587986874107
F4,50,3,2267,1430,345.0,-0.004490076735333929,36.874252313568746,-24.454655306626012
F4,50,4,2450,1638,175.0,-0.004532126303336211,36.874303785421304,165.493601386625
F4,51,0,1680,489,351.0,-0.004291629699784556,36.874078295612044,-18.483971178787115
F4,51,1,1762,963,137.0,-0.004400767245431469,36.87411650317085,127.5858552712063
F4,51,2,1743,999,135.0,-0.004410068247813973,36.874113461322295,125.58192091873661
F4,51,3,2272,1435,0.0,-0.004492260181333847,36.874255467958434,-9.536918260240371
F4,51,4,2459,1641,184.0,-0.00453361898664129,36.874307734067955,174.4372526813899
F4,52,0,1677,481,339.0,-0.00428956266278101,36.87407802865124,-30.431650513063325
F4,52,1,1767,955,153.0,-0.004398524165099084,36.87411817439771,143.5840319259791
F4,52,2,1740,991,126.0,-0.0044081589185974625,36.87411324118667,116.5535829111239
F4,52,3,2278,1443,0.0,-0.004493898821585489,36.87425819856886,-9.53691826666153
F4,52,4,2461,1649,144.0,-0.004535473381684147,36.87430959061768,134.59239453234912
F4,53,0,1680,456,326.0,-0.004283397330721743,36.87407827956147,-43.40783807134459
F4,53,1,1770,961,143.0,-0.0043997214555426154,36.87411966226585,133.59215922846212
F4,53,2,1751,996,109.0,-0.004408797338796839,36.874116576465035,99.46220939763047
F4,53,3,2269,1427,323.0,-0.004490353074530791,36.874255977627776,-46.4078408027223
F4,53,4,2453,1649,133.0,-0.004535687527070096,36.8743082440205,123.57709736614561
F4,54,0,1737,494,130.0,-0.004290739325711332,36.874093505276086,120.56824627921903
F4,54,1,1759,955,132.0,-0.004399344890142615,36.874117090145546,122.57435916229156
F4,54,2,1754,1002,131.0,-0.004410708429805464,36.87411778596329,121.57140761060438
F4,54,3,2256,1419,325.0,-0.004489581842801138,36.87425285387571,-44.40760456887622
F4,54,4,2450,1649,139.0,-0.00453641461908803,36.87430779862349,129.58888179032326
F4,55,0,1762,552,141.0,-0.00431642695622262,36.87410639034785,130.489943589076
F4,55,1,1748,958,127.0,-0.0044130201931954285,36.87412111520247,116.45317646689499
F4,55,2,1767,1013,144.0,-0.004425172173285391,36.87412801628949,133.49212278974147
F4,55,3,2256,1408,332.0,-0.004496699613180658,36.87426035345242,-38.512348394087354
F4,55,4,2448,1638,137.0,-0.004542490324035624,36.87431563730267,126.48380264945776
F4,56,0,1545,324,123.0,-0.00430999435611789,36.87409664301872,113.33967121723349
F4,56,1,1532,727,126.0,-0.004406056438362907,36.87410997243986,116.35276819308129
F4,56,2,1540,788,135.0,-0.004420188722959719,36.874114337046684,125.38147823329852
F4,56,3,2012,1174,340.0,-0.004492362655969864,36.87424117304586,-29.63431376426562
F4,56,4,2206,1419,174.0,-0.004542495740523722,36.87429681662554,164.30053968881836
F4,57,0,1639,368,142.0,-0.004310909150090749,36.87409857245453,132.99190552819198
F4,57,1,1617,766,132.0,-0.004406265321335006,36.87410858806759,122.97548023646462
F4,57,2,1625,823,139.0,-0.004419492994653431,36.87411265262338,129.98937683104626
F4,57,3,2097,1199,337.0,-0.0044906254967923736,36.87423834890727,-32.02671784022387
F4,57,4,2294,1446,159.0,-0.0045417019903569306,36.87429425199191,149.96703406108097
F4,58,0,1710,497,116.0,-0.004310691259836979,36.87410364996053,107.61067417130789
F4,58,1,1685,886,132.0,-0.004404004520989855,36.8741114703987,123.6773593484133
F4,58,2,1699,947,129.0,-0.004418000855516201,36.87411692606166,120.66857176479323
F4,58,3,2176,1320,349.0,-0.004489686922037695,36.874242657768,-19.379219106720505
F4,58,4,2379,1564,161.0,-0.004540452404222167,36.874299173477645,152.6573209918197
F4,59,0,1718,489,128.0,-0.004309522945876251,36.8741060306439,119.66522486421394
F4,59,1,1691,881,137.0,-0.004403620018771618,36.87411348488221,128.68763323621312
F4,59,2,1710,950,111.0,-0.004419339589298016,36.874120402753235,102.58157009481234
F4,59,3,2179,1312,323.0,-0.004488696154196205,36.874243858415376,-45.307594768343826
F4,59,4,2387,1561,171.0,-0.00454047207908559,36.874301730518575,162.61006692989002
F4,60,0,1559,319,110.0,-0.004315713175327641,36.87410499443072,101.67603853335527
F4,60,1,1534,722,135.0,-0.004412238394752062,36.874113130256376,126.78438954864055
F4,60,2,1543,782,112.0,-0.004426163515480808,36.87411734082324,103.68822003259298
F4,60,3,2014,1144,318.0,-0.004495574037691248,36.87424098311802,-50.210866084303355
F4,60,4,2223,1394,149.0,-0.004547584695041106,36.874298958895714,140.78863550619053
F4,61,0,1713,481,100.0,-0.004312003901113058,36.87411028642552,91.61077753727274
F4,61,1,1693,892,127.0,-0.0044102526220752706,36.87411987952392,118.76203950794529
F4,61,2,1702,939,123.0,-0.004421092290315128,36.87412363752089,114.74598401925992
F4,61,3,2160,1295,313.0,-0.004489534377507386,36.87424400613995,-55.21990297881495
F4,61,4,2374,1561,157.0,-0.004545167276384466,36.87430371769496,148.7708821717492
F4,62,0,1732,486,103.0,-0.0043103902044015945,36.87411626127152,94.63086730114654
F4,62,1,1685,895,120.0,-0.004409242330858324,36.87411942361198,111.7320462819578
F4,62,2,1702,947,105.0,-0.004421004012307602,36.87412524947123,96.64408431160818
F4,62,3,2154,1295,306.0,-0.004487846769329222,36.87424408350929,-62.241688197637735
F4,62,4,2374,1569,182.0,-0.004545244652563862,36.87430557007275,173.64249202110295
F4,63,0,1762,522,121.0,-0.0043200309443162015,36.8741237947959,112.73686203729258
F4,63,1,1699,906,132.0,-0.004413503098054093,36.87412230855331,123.77761913530264
F4,63,2,1710,955,102.0,-0.004424762368270442,36.87412661342353,93.62419774342345
F4,63,3,2141,1298,292.0,-0.0044911538125580195,36.87424031572752,-76.31177997577826
F4,63,4,2368,1586,225.0,-0.004551633265702881,36.87430394280343,-143.58403192499236
F4,64,0,1795,544,130.0,-0.00432478524301557,36.87413279128426,121.77201486242333
F4,64,1,1702,903,126.0,-0.004413368746806015,36.87412335150107,117.75831178702929
F4,64,2,1718,950,97.0,-0.004423977225847425,36.874128766994176,88.59056850090194
F4,64,3,2130,1290,287.0,-0.004490322487190213,36.87423787941998,-81.342915575409
F4,64,4,2360,1583,208.0,-0.004551884953775616,36.87430238899883,-160.52130165409383
F4,65,0,1822,560,92.0,-0.004327089877916243,36.874140512164,83.5572287033285
F4,65,1,1696,903,112.0,-0.004413028949614983,36.87412272437095,103.68822003095208
F4,65,2,1754,952,88.0,-0.0044226387790989394,36.87413812445581,79.5314537586043
F4,65,3,2127,1287,290.0,-0.004489164428413421,36.874237855916405,-78.32396147242926
F4,65,4,2368,1586,242.0,-0.004551766811947673,36.874305171404906,-126.58400053806989
F4,66,0,1844,563,101.0,-0.004326304636843185,36.87414665838256,92.61749840527865
F4,66,1,1707,903,137.0,-0.0044119167697274884,36.8741261692585,128.78778113826093
F4,66,2,1784,958,90.0,-0.004422285760291426,36.8741462638002,81.54420399428318
F4,66,3,2124,1279,313.0,-0.004486642296271002,36.87423771697002,-55.219902959052185
F4,66,4,2368,1583,230.0,-0.004550327693245637,36.87430591496145,-138.59099370163108
F4,67,0,1853,555,99.0,-0.0043242937266097115,36.87414920032068,90.60404340125066
F4,67,1,1710,903,122.0,-0.004412017701422457,36.874127573662626,113.74150981022211
F4,67,2,1795,955,92.0,-0.0044213929579821,36.87414945217285,83.55722869721257
F4,67,3,2121,1276,321.0,-0.004486240816733192,36.87423760038513,-47.208197761035144
F4,67,4,2368,1583,262.0,-0.0045505339083916,36.874306611160385,-106.50453261300966
F4,68,0,1863,563,74.0,-0.004324270843644565,36.87415141188863,65.4548966581588
F4,68,1,1713,908,129.0,-0.004411527501708166,36.87412802817316,120.76889517262703
F4,68,2,1798,958,97.0,-0.004420427439511185,36.874149836964285,88.59056849940967
F4,68,3,2124,1279,325.0,-0.004485275298262181,36.874237985176556,-43.20791284828821
F4,68,4,2368,1580,283.0,-0.004548247717101954,36.874306078589335,-85.36913270788423
F4,69,0,1855,563,82.0,-0.004323458823773699,36.874150378452185,73.49546739030693
F4,69,1,1707,911,114.0,-0.004411358271004808,36.87412757145215,105.69996788682097
F4,69,2,1803,958,90.0,-0.004419159191352566,36.874151872417,81.54420399396298
F4,69,3,2113,1276,292.0,-0.004483855583707762,36.87423613895628,-76.31177997534336
F4,69,4,2360,1580,270.0,-0.004547435697231496,36.874305045152894,-98.45579601859326
F4,70,0,1831,774,205.0,-0.004373878483217776,36.87415408576564,-163.50506887591754
F4,70,1,1713,919,109.0,-0.004412480242144191,36.874131284329266,100.66980375786244
F4,70,2,1814,958,84.0,-0.004418204415047135,36.87415648675972,75.50702551976224
F4,70,3,2113,1281,322.0,-0.004484475143614217,36.87423833084438,-46.20777502068023
F4,70,4,2354,1586,228.0,-0.0045485034834185575,36.87430585549016,-140.588896018323
F4,71,0,1532,269,178.0,-0.004264169744648578,36.874065368988354,169.6681171850229
F4,71,1,1787,870,202.0,-0.004398053937673826,36.874146517017856,-166.48769457726144
F4,71,2,1726,917,122.0,-0.004411364691957713,36.8741337552444,113.74150979277897
F4,71,3,1822,958,83.0,-0.004417739656035527,36.874157847051976,74.50118572088121
F4,71,4,2124,1281,300.0,-0.004483905101151294,36.87424039934181,-68.26795370761116
F4,71,5,2360,1589,265.0,-0.004548821891508876,36.87430684822425,-103.48702043682442
F4,72,0,1537,313,173.0,-0.004275421066390717,36.87406758244241,164.69824582910763
F4,72,1,1729,914,111.0,-0.004411334751692953,36.874133769795286,102.6821798117012
F4,72,2,1781,895,202.0,-0.0044050027642762455,36.8741453675362,-166.4876945611517
F4,72,3,1836,952,88.0,-0.004416603663719924,36.874160318331256,79.53145374305787
F4,72,4,2121,1268,319.0,-0.004481615301495969,36.874238509048034,-49.20974416234754
F4,72,5,2354,1586,297.0,-0.004548924104197624,36.87430451020174,-71.28334878245397
F4,73,0,1534,308,176.0,-0.004276695684441852,36.8740655860782,167.68046722706657
F4,73,1,1729,906,112.0,-0.004411972568352253,36.874132465425255,103.68822003036703
F4,73,2,1784,897,185.0,-0.004407903437345741,36.874145135451144,176.6227079887532
F4,73,3,1850,950,96.0,-0.004418183148473049,36.874162563521374,87.58384431518624
F4,73,4,2157,1251,146.0,-0.004478944614847125,36.874245529243154,137.79157298417505
F4,73,5,2360,1575,302.0,-0.0045488220732196475,36.87430474562127,-66.25849019716095
F4,74,0,1543,319,166.0,-0.004280545088401368,36.87406816668058,157.73526585701143
F4,74,1,1762,873,53.0,-0.004404522692058354,36.87413917784905,44.40760455521661
F4,74,2,1776,914,254.0,-0.004413775403797224,36.87414391204807,-114.54510334333219
F4,74,3,1861,941,40.0,-0.004417209175898949,36.87416491906959,31.428505350866672
F4,74,4,2162,1249,155.0,-0.0044798448248230495,36.87424671239782,146.77662936904215
F4,74,5,2338,1569,301.0,-0.004549719196742834,36.87429941549103,-67.26313798390022
F4,75,0,1510,382,220.0,-0.004297967059857372,36.87406244526732,-148.57149467897804
F4,75,1,1773,867,32.0,-0.004404002009130892,36.874141438136434,23.459134540947577
F4,75,2,1757,919,271.0,-0.004416921808541155,36.87413947373858,-97.44931398984092
F4,75,3,1861,947,34.0,-0.004419926444831437,36.8741650009192,25.450351971048637
F4,75,4,2162,1254,159.0,-0.004482324434377213,36.87424675938787,150.76430626309457
F4,75,5,2335,1569,291.0,-0.004551115792856689,36.87429857997815,-77.31782020267626
F4,76,0,1422,437,225.0,-0.0043143147567007755,36.874041395156716,-143.584031909112
F4,76,1,1767,870,35.0,-0.0044051136706440485,36.87413793293788,26.446229836045823
F4,76,2,1735,925,243.0,-0.004419307959927905,36.874132296024314,-125.58192093180848
F4,76,3,1863,870,357.0,-0.004401744600211389,36.87416059550397,-11.325662919177603
F4,76,4,2157,1260,138.0,-0.004484113979541733,36.87424359483636,129.78913391857807
F4,76,5,2327,1575,300.0,-0.004553010621472433,36.87429470722144,-68.26795370991634
F4,77,0,1403,445,235.0,-0.004316193432133153,36.87403538986975,-133.59215919501122
F4,77,1,1757,867,48.0,-0.004404062242562661,36.87413366881146,39.41110395925373
F4,77,2,1732,925,293.0,-0.004418723848595723,36.874129788955315,-75.30584816701882
F4,77,3,1853,851,0.0,-0.004396890622077306,36.874155773624786,-8.344561615647514
F4,77,4,2154,1262,139.0,-0.0044840051869662455,36.87424115748645,130.7902558446878
F4,77,5,2316,1567,299.0,-0.004550805990983859,36.87429003272888,-69.2729314736629
F4,78,0,1411,437,211.0,-0.004314389005301445,36.87403730039664,-157.5362157704658
F4,78,1,1770,859,41.0,-0.004402082343312386,36.874136759680326,32.42556814360239
F4,78,2,1855,843,353.0,-0.004395296762147391,36.874156267741284,-15.301754199422975
F4,78,3,1710,906,277.0,-0.00441535800311253,36.874124233975266,-91.40943149914187
F4,78,4,2157,1257,152.0,-0.004483089210687488,36.87424199224999,143.78363539162092
F4,78,5,2311,1569,283.0,-0.004551834386222855,36.87428922296209,-85.3691327136686
F4,79,0,1405,431,207.0,-0.004313632389788785,36.874036102324354,-161.51602873695484
F4,79,1,1858,834,354.0,-0.004393511318146999,36.87415708970593,-14.307571189730035
F4,79,2,1778,856,48.0,-0.004401547383163447,36.874138971144234,39.4111039920216
F4,79,3,1707,908,259.0,-0.004416397379175444,36.87412402298456,-109.52088979204122
F4,79,4,2165,1265,155.0,-0.004485168503699518,36.87424458716893,146.77662936919333
F4,79,5,2305,1564,302.0,-0.00455131543008904,36.874288059749354,-66.25849019618822
