mission_id,frame,prediction_idx,lat,lon,direction_deg,axis_bearing_deg
F1,0,0,-0.0032680013048309985,36.881926571292155,-68.41519521419022,18.231820318100226
F1,1,0,-0.0033645485926497905,36.881933985608576,30.582857494602578,120.75169734864542
F1,2,0,-0.0033619150498469534,36.88193089482726,7.712077180807057,97.7634209443003
F1,2,1,-0.0033449664056814476,36.881955980215224,-50.51012076371181,39.30112551402162
F1,2,2,-0.003396678253923047,36.88195517688842,-8.965189441955275,80.97538082095366
F1,2,3,-0.003341350488527758,36.881979374682,1.0159397337707503,91.02278520446987
F1,3,0,-0.0033578502730185885,36.881932929763465,12.623392175283342,102.70571444108222
F1,3,1,-0.003356998310140698,36.88194888903551,-51.857605580261925,37.95560661572739
F1,3,2,-0.0033929827179937674,36.88195644678933,-6.471689185403939,83.48506862377434
F1,3,3,-0.0033363915776860866,36.88198129237846,-4.510523472632649,85.45920456399848
F1,4,0,-0.003357378574042885,36.8819319225938,12.261325507887108,102.34143636262209
F1,4,1,-0.0033586390467271582,36.88194591568586,-48.46838331678913,41.34067941755442
F1,4,2,-0.003390087374050793,36.88195384086859,14.666706524943379,104.76124999530879
F1,4,3,-0.003336096737782811,36.88198418697475,9.049905128346666,99.10987752026223
F1,5,0,-0.003358823423888993,36.88193341496162,-23.30163771841248,66.558221297581
F1,5,1,-0.0033594171913264004,36.88194611900107,-50.817531081971495,38.99412713431903
F1,5,2,-0.0033920046823060707,36.88195556413475,-0.06861288489078987,89.93092469797976
F1,5,3,-0.003335753863636839,36.88198474573112,5.40350915850874,95.43970836980813
F1,6,0,-0.0033650144091125545,36.88192707915987,-56.38664416440202,33.43616342874582
F1,6,1,-0.0033607853160717888,36.88194608004936,-49.5013356565316,40.308711382610774
F1,6,2,-0.0033907332002472744,36.88195418985232,-15.163001222585514,74.73955781482066
F1,6,3,-0.0033359280205862802,36.88198245112197,3.215823953678502,93.23745103790752
F1,7,0,-0.0033665689110749216,36.8819297302298,-55.76977348640786,34.0514615933646
F1,7,1,-0.00336479774841261,36.88194508721003,-52.87429433240053,36.9406742826613
F1,7,2,-0.0033914998234072114,36.881955538129766,-3.234730960307182,86.7435153406591
F1,7,3,-0.0033373955379880716,36.881985452677036,-8.00197556282027,81.9448006402077
F1,8,0,-0.003363651892098524,36.88194644445167,-40.15459268532807,49.655622594044054
F1,8,1,-0.003390229096713792,36.88195668118616,17.586484186400668,107.69763436892757
F1,8,2,-0.003337172621494968,36.881987105571376,-8.699736213070388,81.24253789119766
F1,8,3,-0.0033665004022120234,36.88193195605085,-76.35795156470147,13.554103276619085
F1,9,0,-0.0033631678579177705,36.8819482621983,-44.822101327656654,44.98547515128531
F1,9,1,-0.003390793727388292,36.8819570863562,0.4575619713387695,90.46064557512832
F1,9,2,-0.003336279303275624,36.88198992160316,-4.485727410587792,85.48416566830385
F1,9,3,-0.0033671221893160847,36.88193345643203,-69.68267209232175,20.19233384236411
F1,10,0,-0.003368710413281845,36.881946342085165,-52.61946585107689,37.1950405702823
F1,10,1,-0.0033899278850255954,36.881958823090905,-2.6821036242361345,87.2998470106171
F1,10,2,-0.0033364807549107586,36.88199082669991,-2.0264598497028175,87.95989433143177
F1,10,3,-0.0033678303487949283,36.88193409044367,-74.18862654437774,15.710768766117605
F1,11,0,-0.003373357847506518,36.881941748571336,-54.753567714690476,35.065257274388685
F1,11,1,-0.003389419111762872,36.881957429377124,-4.1114490966550505,85.86093778771291
F1,11,2,-0.003335123337986676,36.88198979323525,-7.321862278090741,82.62933287663344
F1,12,0,-0.0033749667394788758,36.88193941881289,-52.589535756760505,37.22491741027552
F1,12,1,-0.0033887033531179492,36.88195546512291,-9.918552612555239,80.01594195911166
F1,12,2,-0.003335425305160898,36.88198922713507,2.7887516160642605,92.80751642386804
F1,12,3,-0.003366486392551146,36.881930196365374,-59.58093153764882,30.251309899588538
F1,13,0,-0.003375543895004304,36.88193815760848,-47.06675535268093,42.74136839782107
F1,13,1,-0.003335661694638156,36.88198876649056,-10.534724522426067,79.39588177326759
F1,13,2,-0.003368315133146803,36.881932431820026,-72.64299465754513,17.24772545416281
F1,13,3,-0.0033890932273374394,36.881956370293715,-0.2420302710805089,89.75633858499529
F1,14,0,-0.003375397889771033,36.8819377448251,-53.25417718592343,36.56150747652773
F1,14,1,-0.00333376990817376,36.88199012249147,-12.034155147530953,77.88712813091827
F1,14,2,-0.003368447961691944,36.881931450031445,-61.05357458466806,28.783722512305772
F1,14,3,-0.003388082668908522,36.88195656000197,-25.680240621105643,64.1691434559027
F1,15,0,-0.00337790616057414,36.88193632316786,-70.21904451849622,19.658715128568854
F1,15,1,-0.003333249153623649,36.88199052596359,-8.471777711335854,81.47196356268105
F1,15,2,-0.0033687976182255096,36.88193043383299,-51.684173568058995,38.12876235806733
F1,15,3,-0.003391495188843986,36.88195546461346,-50.73422886050757,39.07731556961969
F1,16,0,-0.003379132993488574,36.8819339624804,-56.29914125508125,33.523438370578894
F1,16,1,-0.0033329801582824502,36.88199081957347,-13.395679977616787,76.51732555020051
F1,16,2,-0.003365515459643478,36.88193181357927,-55.54652487989123,34.27416142525738
F1,16,3,-0.0033918214676879107,36.88195628449005,-76.89508981335943,13.02017968848346
F1,17,0,-0.0033832951388850655,36.88193225546597,-61.51643824986729,28.322536867808793
F1,17,1,-0.0033324030614195676,36.881989170412844,-20.18610846975288,69.68892928627787
F1,17,2,-0.003371732671120985,36.88192502848525,-57.1895296280559,32.63544715540629
F1,17,3,-0.003409758428772611,36.88196108331527,69.57700759338842,159.7025391314252
F1,18,0,-0.003386037329596123,36.881933143430224,-46.3212685554698,43.486542595232
F1,18,1,-0.0033345691339722867,36.88198764040063,-20.222096090453462,69.65275745962751
F1,18,2,-0.0033765829414769476,36.88192511892971,-71.84890365585498,18.037480569726068
F1,18,3,-0.0034157156464224726,36.88196284736203,-96.22507014107245,-6.183721009858978
F1,19,0,-0.003334369305272593,36.88198560349175,-28.895344039650304,60.941553280040495
F1,19,1,-0.0033793112190607217,36.881922568986674,-68.21873194854334,21.648982032990848
F1,19,2,-0.00341606617402977,36.881959908600805,72.97863869110674,163.08606065642024
F1,19,3,-0.003388252819033969,36.88193001676558,-55.217218946165886,34.60267771073434
F1,20,0,-0.003332957917408259,36.88198696815703,-17.222339639097093,72.66852126419107
F1,20,1,-0.003377058610454368,36.88192246256585,-68.38455519056747,21.483967874300873
F1,20,2,-0.003417057606778814,36.881958900633094,-96.17322258968105,-6.132212636429706
F1,20,3,-0.003387106589832584,36.8819287496061,-53.73070563865047,36.08592287726765
F1,21,0,-0.003331384947445079,36.881984895084685,-18.847056399700676,71.03497348094702
F1,21,1,-0.0033822246918340376,36.88191504463438,-44.30055286845183,45.50706549648757
F1,21,2,-0.0034174871214404947,36.881959715334645,-86.51009430647335,3.4666001297196827
F1,21,3,-0.003385842059550118,36.88192572494029,-52.7696662242461,37.04511088017577
F1,22,0,-0.003330906732294854,36.881982223971264,-33.17921828052975,56.64427038134713
F1,22,1,-0.0033832555649074255,36.88191245017363,-52.1538280073248,37.659871782074944
F1,22,2,-0.003417472010796551,36.8819562699901,67.71176510504458,157.8464972932838
F1,22,3,-0.003388293178381452,36.881921482316386,-54.548502643621816,35.26986344687371
F1,23,0,-0.0033325952399741792,36.88198092421911,-31.207706976089035,58.621477161085124
F1,23,1,-0.0033885208854767413,36.88191162470802,-59.67876889624634,30.153794880626652
F1,23,2,-0.0034192499106541303,36.881956999571194,-97.58090718135483,-7.530742112648875
F1,23,3,-0.0033937347160223584,36.88191879931079,-53.6698079417006,36.146697128707366
F1,24,0,-0.003334228441259914,36.881981755965455,-28.085857481405494,61.75399506653947
F1,24,1,-0.0033892528032256454,36.88191154736616,-60.56567501599871,29.269899034471106
F1,24,2,-0.003424112282529377,36.88195766800704,-59.68168963520075,30.150883804419497
F1,24,3,-0.0033969525499200825,36.88191773390001,-45.316794411248424,44.49080126910511
F1,25,0,-0.0033312394933171703,36.88198233387659,-33.34130160669062,56.48175577826981
F1,25,1,-0.0033876632881475336,36.88191246581018,-61.79669716409624,28.043314295807132
F1,25,2,-0.0034237532338777057,36.8819568939366,-67.79499686353337,22.07066971067223
F1,25,3,-0.003393798259839472,36.88191935535713,-49.21682629723668,40.59292494980572
F1,26,0,-0.003388613309519049,36.88191318071772,-64.49410394258541,25.35664538583283
F1,26,1,-0.0034235301840563654,36.88195737265018,-75.29662229946328,14.609172044778234
F1,26,2,-0.0033952440889148945,36.88191798318165,-47.79231940028186,42.01623329436216
F1,26,3,-0.003332917070642855,36.88198325180993,-47.05080269434922,42.757312991370995
F1,27,0,-0.003388243708650135,36.88191176074999,-67.92399597146762,21.94229077484173
F1,27,1,-0.0033930278109535273,36.881917629837346,-49.64396934295143,40.1662330190222
F1,27,2,-0.003331611644437299,36.8819848242162,-27.920193437135868,61.92027983339316
F1,28,0,-0.0033860200442827333,36.88191203287874,-51.87669340653172,37.9365495980795
F1,28,1,-0.003393308628156776,36.88191745505855,-61.02435035087141,28.81284220626252
F1,28,2,-0.003331337380061643,36.88198108910967,-24.86349081025532,64.98937584323038
F1,28,3,-0.0034502991044082607,36.88198212090879,31.640718920075926,121.81285635334275
F1,29,0,-0.0033854126522529183,36.88191192420651,-57.646312064371045,32.179960004116765
F1,29,1,-0.0033967320325955443,36.881915366541094,-44.64116015905992,45.166423621611706
F1,29,2,-0.003330239292635646,36.88198305980813,-26.871206221155024,62.973321167211395
F1,29,3,-0.0034485610886800548,36.88198041297009,38.15932190478887,128.34643398316877
F1,30,0,-0.0033874354358670177,36.88191063567356,-69.09286252268565,20.779165464295946
F1,30,1,-0.0033965480344611463,36.88191329960725,-49.88311797220805,39.92735537323181
F1,30,2,-0.003331317722742538,36.88197988012011,-39.7108240630028,50.099906268391976
F1,30,3,-0.0034523039333331654,36.88198142906585,40.20993285674278,130.39977864389587
F1,31,0,-0.003389481522188266,36.88190964133177,-65.52965334558725,24.325572856678257
F1,31,1,-0.0033983053802973924,36.88191385561859,-55.12638563053873,34.69329731164273
F1,31,2,-0.0033326812913931753,36.8819810932865,-43.768695122799706,46.03903165475369
F1,31,3,-0.003450305301859469,36.88198731393547,-36.645811879774854,53.16971075501523
F1,32,0,-0.0034001621299064155,36.88191311202668,-51.92123390672487,37.89208134744115
F1,32,1,-0.003330808019042281,36.88198235489415,-48.368912513535086,41.44006852918563
F1,32,2,-0.003442461345221218,36.88200419231192,-61.26825201963645,28.569818122779054
F1,32,3,-0.003391249540530008,36.8819070958353,-66.36152911920625,23.497429930785955
F1,33,0,-0.003399533073234004,36.88191139372144,-58.38003045372704,31.44841419649322
F1,33,1,-0.0033315823050627264,36.88198035278047,-34.54853917113546,55.27148595591268
F1,33,2,-0.003441236650969741,36.882001994564824,-50.11509594568989,39.69565284760751
F1,33,3,-0.0033928111724626235,36.88190557720038,-63.21842294481419,26.627078232778853
F1,34,0,-0.0034000217625717623,36.881910167663136,-55.70032527418127,34.12073796815841
F1,34,1,-0.00333003551325158,36.88197904342932,-40.1241552774909,49.6860938626162
F1,34,2,-0.0034414468066529874,36.88200061285444,-54.01348817957328,35.80372441434213
F1,34,3,-0.003392140644957349,36.88190470957646,-57.01844366957093,32.806059367928846
F1,34,4,-0.003392405452578151,36.881904710075204,-57.304929308595206,32.52037057996786
F1,35,0,-0.0033988860079640533,36.881913478218415,-58.979026791195274,30.85127457741097
F1,35,1,-0.0033337710004790995,36.88197873202427,-28.50845172102209,61.329841838941746
F1,35,2,-0.003440850615774959,36.882004203816976,-60.693511913593056,29.142509000399347
F1,35,3,-0.0033940119461135284,36.881905250390915,-44.48606680873414,45.321529321368196
F1,35,4,-0.0033940119461135284,36.881905250390915,-42.206410358512386,47.602017930835814
F1,36,0,-0.0033997770297611507,36.88191730923597,-38.9650857314078,50.84661258020503
F1,36,1,-0.0033328958827314814,36.881985216477595,-29.14963553403293,60.686360355082634
F1,36,2,-0.0034414560571916415,36.88200520639961,-75.687615151586,14.220471108009535
F1,36,3,-0.0033954387821422444,36.88190775844442,-39.32077744883145,50.49044319467553
F1,36,4,-0.0034415067755224453,36.88200517859927,-76.50775702207764,13.405191390613858
F1,37,0,-0.0033979225741450803,36.8819173619811,-48.162576876280276,41.64624196810672
F1,37,1,-0.0033319164635113494,36.88198825237906,-25.126601206061572,64.7251302936208
F1,37,2,-0.0033938559570111677,36.881909146243366,-30.33142300116416,59.500555093716756
F1,37,3,-0.0034400302369619546,36.88200835245229,-65.98318680386953,23.87405965124351
F1,37,4,-0.0034400302369619546,36.88200835245229,-72.78314835492537,17.108345786875148
F1,38,0,-0.0034004172243920763,36.88192132602565,-55.40515230882529,34.415192119786134
F1,38,1,-0.0033321556963666218,36.88198939951584,-26.41056629280199,63.43580795151045
F1,38,2,-0.0033952476906599443,36.88191100483434,-29.63854002376834,60.19575929005681
F1,38,3,-0.0034420139258050544,36.882010461105075,-64.4873744089767,25.3633463914362
F1,39,0,-0.0033994765885067934,36.88192199638128,-51.10684120974144,38.70522449248416
F1,39,1,-0.0033949067753674808,36.88191286868642,-41.11423918768513,48.69501832678276
F1,39,2,-0.0034401871764231816,36.88201164976872,-62.69327775838193,27.150150885223855
F1,39,3,-0.0033324964749308727,36.88199053746118,-28.704698135401575,61.132883471751335
F1,40,0,-0.0033974696602365097,36.881924381379356,-47.38380566597744,42.42449041657232
F1,40,1,-0.0033937416135615467,36.88191315220219,-38.479630573164926,51.33276665524236
F1,40,2,-0.0034404456743780064,36.88201128768936,-70.21742809373065,19.660323157614343
F1,40,3,-0.0033309348168904323,36.88199098760803,-28.19290882542378,61.64654549184003
F1,41,0,-0.003396706353107675,36.881920000986156,-63.94049990468876,25.90793515440914
F1,41,1,-0.0033949085723980026,36.88190763671953,-37.02709103940198,52.78771890311873
F1,41,2,-0.003439576640783778,36.8820105618722,-77.1585875087872,12.75826980266225
F1,41,3,-0.003330021737861936,36.88199113182148,-31.439367696086695,58.38910448561165
F1,42,0,-0.0033976014539758314,36.88192091225908,-65.47547291839767,24.379514389047383
F1,42,1,-0.0033949076114919933,36.88190839637202,-29.16623954064273,60.66969791499949
F1,42,2,-0.003439861858312746,36.88201228475942,-57.26377715743778,32.56140721001823
F1,42,3,-0.0033292279726182526,36.88199204537171,-25.708485727995427,64.14078012880107
F1,43,0,-0.0033962924425690517,36.88192080641772,-63.065558083465845,26.779334445152166
F1,43,1,-0.003396848441974535,36.88190817889693,-57.41955607555827,32.40606752968445
F1,43,2,-0.00343786952547146,36.88201240260177,-68.59712944401322,21.27243726593602
F1,43,3,-0.0033287123717600864,36.88199261102481,-28.285560560860894,61.553550892023765
F1,44,0,-0.0033982902749652238,36.88192128678761,-49.43014731967526,40.37982394069508
F1,44,1,-0.003395829120187539,36.88190849968065,-44.99477043011587,44.81280627808803
F1,44,2,-0.0034385397170270306,36.88201371925177,-67.5560872446003,22.308437706196692
F1,44,3,-0.003328158829506042,36.88199538422843,-25.327730596394723,64.52314162217299
F1,45,0,-0.00340140287125867,36.88190801290555,-60.25414548311492,29.580353194286722
F1,45,1,-0.003440195545938138,36.88201384979845,-68.88236001464833,20.988618208224974
F1,45,2,-0.003329518459436916,36.88199732369917,-28.541090606145872,61.297084037669634
F1,45,3,-0.0034013207138870716,36.881921713145246,-48.2451839273039,41.56369866280877
F1,45,4,-0.00340140287125867,36.88190801290555,-66.74049561150488,23.120203267506362
F1,46,0,-0.0034041135148889417,36.88190685857072,-66.8095191450814,23.051499241308182
F1,46,1,-0.0034415179947293413,36.88201477031789,-63.58056477012618,26.2663957464429
F1,46,2,-0.0033297439971328156,36.881998109086425,-29.874603354641724,59.95889410636769
F1,46,3,-0.0034046928678225716,36.88192010003435,-43.803835672068224,46.00388190108426
F1,47,0,-0.003399621957822832,36.881898854939585,-54.30743715715198,35.510401377767714
F1,47,1,-0.003443093102157273,36.882005942128586,-46.66342357429748,43.14451490015677
F1,47,2,-0.0033322102270175826,36.88199389785037,-23.654033939271663,66.20420999437678
F1,47,3,-0.003401247946537077,36.8819142972995,-43.396378345658206,46.41146374961877
F2,0,0,-0.005840405549591085,36.875245351590095,105.09617973005669,-165.00031093250223
F2,0,1,-0.005866000935179036,36.87524352692208,78.08315039287143,168.16066756096433
F2,0,2,-0.006163903024563195,36.875366947912354,114.97328213786628,-155.17368973952054
F2,0,3,-0.005957304864158083,36.87523974248568,154.04155437898902,-116.11021978020213
F2,0,4,-0.006087108149467834,36.87549916482266,35.78027216933356,125.96301023904904
F2,0,5,-0.005959544578266962,36.87526246275131,123.31695243549464,-146.8594551709583
F2,1,0,-0.005892310064188113,36.87511927713608,53.89499226985077,144.0780266235649
F2,1,1,-0.005951779982841691,36.875247743714205,92.32255635616542,-177.69297480109378
F2,1,2,-0.005906538241646439,36.87526189062925,93.15081556681754,-176.87023511877004
F2,1,3,-0.005792982349368841,36.875243560857015,95.13395991864155,-174.90022689863886
F2,1,4,-0.005921078188602237,36.875162551444696,39.21771755980007,129.40636153103722
F2,1,5,-0.006198370849049714,36.875357251565454,115.26463112618217,-154.8835936050037
F2,1,6,-0.005885792452263303,36.87525477308031,63.39606106993615,153.54984714070574
F2,1,7,-0.005833284361574145,36.8750768907209,56.79405330313743,146.97016220302083
F2,2,0,-0.005894031872428614,36.875253136347744,85.71771994638047,175.74628160828829
F2,2,1,-0.00584197368218645,36.875251147121396,94.25458177214604,-175.77379644867167
F2,2,2,-0.005767915940956543,36.875236537419134,88.61532074561225,178.6245867747028
F2,2,3,-0.0059772978186759754,36.87513577243297,124.00146632304534,-146.1767250061654
F2,2,4,-0.005760790234193966,36.87523895090875,57.65550189393197,147.8292033050086
F2,2,5,-0.005815059385030794,36.87524671623002,91.6277784654518,-178.38311266690243
F2,2,6,-0.005960843446289799,36.87513909441437,116.0938415716096,-154.05786507679377
F2,2,7,-0.005853908156689048,36.875093225707055,41.028006455649205,131.2186716539808
F2,2,8,-0.006202652821894222,36.87535440167652,4.4502429653701405,94.48011367081675
F2,2,9,-0.006034824375541734,36.87515619527038,-11.606432580816083,78.31748909919645
F2,3,0,-0.005979843318521801,36.87512817571943,45.57339415133434,135.7657659066592
F2,3,1,-0.005765336580592387,36.875232687999926,50.825688117776195,141.0140186956942
F2,3,2,-0.005794847076545862,36.875236384634455,63.643938703269,153.79672032515964
F2,3,3,-0.005971229530792525,36.87512411233575,12.35441633765372,102.43509703366625
F2,3,4,-0.0058627360315201575,36.875091677893295,30.24697458416405,120.41471886361249
F2,3,5,-0.006202882266044327,36.87535458390216,-9.782794218644186,80.15256121415166
F2,3,6,-0.00603932351727121,36.87515554430938,87.43005657668027,177.4472379360854
F2,4,0,-0.005762275676321731,36.875237576996675,78.1556398761415,168.23271249035838
F2,4,1,-0.005826735859410681,36.87509596753497,58.78538119114723,148.9556882082338
F2,4,2,-0.005934246897621131,36.875124099640786,-14.111442404411282,75.79728980728802
F2,4,3,-0.005946851878041486,36.875131764608554,-2.182729235587921,87.80257464888874
F2,4,4,-0.005940124916023795,36.87512916984087,2.6667303350609686,92.68467655738111
F2,4,5,-0.006208924806333296,36.87498843192556,-42.56165571970542,47.246562928689514
F2,4,6,-0.005781555613691405,36.87523829538303,17.362842525438303,107.47275970774447
F2,4,7,-0.005741102056453276,36.87523799317519,83.17166748920418,173.21695156901805
F2,5,0,-0.006058208789496312,36.874773172981214,60.07668537418015,150.24279059764248
F2,5,1,-0.005695565771901254,36.87523336598109,96.63055496017381,-173.41344119131531
F2,5,2,-0.005921501665418762,36.875126148607656,-15.573088656190304,74.32709842135854
F2,5,3,-0.005930539347492446,36.875131217630035,4.668747472509379,94.70007198742013
F2,6,0,-0.0060543470137067925,36.87477110304993,52.09754391202374,142.28393832621913
F2,6,1,-0.005684964173238664,36.87523016554078,90.56616474011967,-179.4376251782593
F2,6,2,-0.005929876731946396,36.87512465262099,83.10946573100289,173.15515450903624
F2,6,3,-0.005702880978599964,36.87520412834927,33.11910254761506,123.29545253147674
F2,6,4,-0.005935787238703981,36.875131655519446,-14.125844763861377,75.78280203899043
F2,6,5,-0.005763651944614663,36.8752366774797,56.203539363964516,146.38120711274942
F2,6,6,-0.0056859626594089755,36.8752401626195,70.65638738987592,160.77635088082863
F2,6,7,-0.005703980441004471,36.87521579006373,70.50779059205328,160.6285308471591
F2,6,8,-0.0059117210686440965,36.875124706388185,70.19797556457283,160.32032490318855
F2,6,9,-0.005704257970139539,36.87521630530209,58.54519132904996,148.71624217914663
F2,7,0,-0.006022606032098791,36.87476545727744,75.68747044925293,165.7793850967844
F2,7,1,-0.005671963581463272,36.87521913330411,60.21390506207303,150.37954385672052
F2,7,2,-0.005935658452583769,36.87512088010182,95.24653302003748,-174.78839524695357
F2,7,3,-0.005704174324500377,36.87520648945281,19.838883828763592,109.96205877957706
F2,7,4,-0.005940102165614597,36.87513362771008,10.673600435427682,100.74386609561526
F2,7,5,-0.005760606714519604,36.87523637157272,64.7088047881537,154.85714302225855
F2,7,6,-0.005703457359691418,36.87521721430342,72.14606481460922,162.25806799393976
F2,7,7,-0.005981053444263951,36.87538081443618,17.29400321884991,107.40353948463145
F2,7,8,-0.005987963795199667,36.875161344126674,-17.401951583139084,72.48791513930715
F2,7,9,-0.0059202643889352,36.875121976192474,13.396535971656482,103.4835355947593
F2,8,0,-0.005696142544322365,36.87521949019721,31.32305967351938,121.49423147059498
F2,8,1,-0.005692649315911213,36.87522842685605,71.82462012956572,161.93836718451837
F2,8,2,-0.005659338234330206,36.875227389690906,76.93745376742511,167.02192944922163
F2,8,3,-0.005977695821057016,36.87473914593387,90.24611265963367,-179.75553482207565
F2,8,4,-0.005743699484909809,36.87524500885758,66.09297255299954,156.23523162620953
F2,8,5,-0.005662072331721675,36.87522482111779,79.81964903352043,169.88638869869123
F2,8,6,-0.0059176097249582435,36.875121908567245,-3.2786437560614132,86.69930853172357
F2,8,7,-0.005903419636303871,36.87513713529816,-12.9596666020945,76.9559690927108
F2,8,8,-0.005928137003967119,36.87512973495467,80.96279984791741,171.02230969808687
F2,8,9,-0.005929563082761723,36.87514812063516,107.60691557320321,-162.5037380053646
F2,9,0,-0.005692706913252538,36.87521781608197,1.984934319566003,91.99830096278322
F2,9,1,-0.005689051031939831,36.875227775951075,82.19697264317526,172.24857192749892
F2,9,2,-0.0056583698612239185,36.87522818405432,81.5905021602973,171.6460014446682
F2,9,3,-0.005974586517935653,36.87473805765154,86.39232725475455,176.41641529384242
F2,9,4,-0.0056560321719483575,36.87522137879501,72.46450681561201,162.57476865722114
F2,9,5,-0.005929607274070583,36.87513067583878,-38.03821294885439,51.77486660650987
F2,9,6,-0.00597497824316174,36.874749880530764,78.31052922692157,168.38665035924456
F2,9,7,-0.005915964088208464,36.87511631203217,1.085382118070509,91.09269528378911
F2,9,8,-0.005902086002961283,36.87513751251068,-11.710803540145283,78.2124727192289
F2,9,9,-0.005976812210923645,36.87475590148286,82.46896352813891,172.51880617243688
F2,9,10,-0.005988593244068879,36.8747727493088,-31.796796545862684,58.03059939813712
F2,9,11,-0.005928326445552108,36.87514766187219,107.85713808838102,-162.2548825333464
F2,9,12,-0.005740700739108676,36.87524558222271,81.36105474333516,171.41802313121454
F2,9,13,-0.005994447009790202,36.87474103480371,37.22620810048514,127.41175733362475
F2,9,14,-0.006052063045360254,36.87534953790273,84.27313613357909,174.31122162333895
F2,10,0,-0.005633114731235941,36.875224844861364,88.19010585989012,178.20221399686116
F2,10,1,-0.005630379898793983,36.87522763250873,61.067529606016365,151.23018247614098
F2,10,2,-0.005660605938109732,36.875228530506675,76.1305241717546,166.21982119807967
F2,10,3,-0.005668962418512464,36.87521752630018,8.794814844780284,98.85315157472608
F2,10,4,-0.005891162991598264,36.875111248362465,18.837076917459157,108.95499393010012
F2,10,5,-0.0058794428625637855,36.875136806188735,-20.402985680346802,69.4709450812694
F2,11,0,-0.005659525336134042,36.87523618079257,-189.5,-99.56284665606769
F2,11,1,-0.005660779836801634,36.875224448510785,168.2,-101.87727450660161
F2,11,2,-0.005877016668926807,36.875105131050425,168.80000000000004,-101.27355541072689
F2,11,3,-0.005879457862779952,36.87514300655609,81.89999999999998,171.95351200686375
F2,11,4,-0.005907536810034786,36.875142263751925,107.30000000000001,-162.8089653461365
F2,11,5,-0.005713525125524941,36.87525115273233,124.30000000000004,-145.8789375880353
F2,11,6,-0.005908572040689264,36.87512969194918,-171.90000000000003,-81.84614175128932
F2,11,7,-0.005940908983963598,36.8747498451952,-188.9,-98.95901172345096
F2,11,8,-0.005885259277483752,36.8751471454561,168.99999999999994,-101.07230839112975
F2,11,9,-0.005960284296259792,36.87473768397418,120.49999999999997,-149.66802366536226
F2,11,10,-0.005954072226575603,36.874773039252084,158.6,-111.5310634609985
F2,11,11,-0.005943208799421189,36.87475512580501,-183.00000000000003,-93.02018113584204
F2,11,12,-0.0059421023706936315,36.874736790759535,-182.7,-92.71816939519837
F2,11,13,-0.005881345396347486,36.875334748555424,-175.4,-85.36913271645726
F2,11,14,-0.005620538636451436,36.87521550497426,147.59999999999997,-122.57435918856525
F2,12,0,-0.005653261305111292,36.875213523271,123.89999999999996,-146.27793330145283
F2,12,1,-0.005973273209739462,36.87475051675202,-187.89999999999998,-97.95256304010687
F2,12,2,-0.005977340580125414,36.87476156643118,-184.6,-94.63086725855636
F2,12,3,-0.005978443436377844,36.87476542104232,146.70000000000002,-123.47683323528626
F2,12,4,-0.005718209777068941,36.875252778593094,162.40000000000006,-107.71122449819804
F2,12,5,-0.005986932738539304,36.874787586947235,168.20000000000002,-101.87727448121882
F2,12,6,-0.005897967456217606,36.87514870972368,137.89999999999998,-132.29150316283412
F2,12,7,-0.005692686373618769,36.875294677707956,-190.4,-100.46854627420466
F2,12,8,-0.00563774821001069,36.87520820423526,152.6,-117.55754285530483
F2,12,9,-0.005836787554514206,36.87532901887161,165.60000000000002,-104.4929745120607
F2,12,10,-0.0058992808167288475,36.875176167464446,93.70000000000005,-176.3247011107569
F2,12,11,-0.005932800211260297,36.87514474223699,-177.60000000000002,-87.58384431582347
F2,12,12,-0.0059322716825783335,36.87515485637306,96.9,-173.145750291299
F2,12,13,-0.005889437114709914,36.87511479078204,159.20000000000007,-110.9280767494899
F2,12,14,-0.005995905978068366,36.87475585891523,145.9,-124.27888539094076
F2,13,0,-0.0058039520662769885,36.875082267818726,141.99999999999997,-128.18685927426213
F2,13,1,-0.005827938923307474,36.875093005542915,-185.20000000000002,-95.23485132429659
F2,13,2,-0.0057819368882951186,36.875072717888834,161.90000000000006,-108.21395533352889
F2,13,3,-0.005964498434021587,36.874773212490666,54.99999999999998,145.18061137809804
F2,13,4,-0.00561433939295381,36.87516614190021,138.69999999999996,-131.49090313479854
F2,13,5,-0.00595143697838325,36.87475072429528,156.00000000000003,-114.14332059286089
F2,13,6,-0.005955277276237319,36.874755855719705,-183.6,-93.62419770859012
F2,13,7,-0.005909332692299541,36.875146342385555,93.5,-176.52337264928283
F2,13,8,-0.0058791012134156925,36.87516163556412,111.19999999999996,-158.92943066617053
F2,13,9,-0.005593901360432767,36.87514674529904,109.19999999999999,-160.91920982069502
F2,13,10,-0.005950791009098616,36.87474059048709,-183.2,-93.2215210819475
F2,13,11,-0.0059368350762768396,36.87473268418389,-182.20000000000002,-92.21481214132262
F2,14,0,-0.0058039520662769885,36.875082267818726,141.99999999999997,-128.18685927974485
F2,14,1,-0.005827938923307474,36.875093005542915,-185.20000000000002,-95.23485132926933
F2,14,2,-0.0057819368882951186,36.875072717888834,161.90000000000006,-108.21395534154952
F2,14,3,-0.005964498434021587,36.874773212490666,54.99999999999998,145.18061134044433
F2,14,4,-0.00561433939295381,36.87516614190021,138.69999999999996,-131.4909031396061
F2,14,5,-0.00595143697838325,36.87475072429528,156.00000000000003,-114.14332060061452
F2,14,6,-0.005955277276237319,36.874755855719705,-183.6,-93.62419771501473
F2,14,7,-0.005909332692299541,36.875146342385555,93.5,-176.5233726915356
F2,14,8,-0.0058791012134156925,36.87516163556412,111.19999999999996,-158.92943070677813
F2,14,9,-0.005593901360432767,36.87514674529904,109.19999999999999,-160.9192098216023
F2,14,10,-0.005950791009098616,36.87474059048709,-183.2,-93.2215210910736
F2,14,11,-0.0059368350762768396,36.87473268418389,-182.20000000000002,-92.21481215208695
F2,15,0,-0.005781210127524292,36.874801353839125,91.8,-178.21204198711848
F2,15,1,-0.005833393383417531,36.87481720603975,108.00000000000006,-162.11279732568585
F2,15,2,-0.005789106076039769,36.87515825554191,154.5,-115.6498578951505
F2,15,3,-0.005556670853143185,36.875218600982336,161.9000000000001,-108.2139553550455
F2,15,4,-0.005816641034615506,36.874754595739596,-190.29999999999998,-100.36791621175519
F2,15,5,-0.005787156278991768,36.87514113393914,-187.79999999999998,-97.85191453968324
F2,15,6,-0.005630307534751593,36.87503867745669,-186.60000000000008,-96.6440843120438
F2,15,7,-0.0058331513900404496,36.87475975786096,163.8,-106.30339896768147
F2,15,8,-0.005833140086103376,36.87476809168588,81.20000000000003,171.25799748342004
F2,16,0,-0.00577924606746926,36.87480242467531,50.49999999999999,140.6887669550755
F2,16,1,-0.0058108091802869105,36.874831229823656,-169.20000000000002,-79.12894215706662
F2,16,2,-0.005769369802169252,36.875151186873026,158.40000000000003,-111.7320463113
F2,16,3,-0.0055544149305967365,36.87521725034945,163.59999999999994,-106.50453263009342
F2,16,4,-0.005797169069557,36.874777332208446,74.6,164.69824584334793
F2,16,5,-0.005758270483119735,36.875135022905134,143.30000000000004,-126.8845806964451
F2,16,6,-0.005604674820353397,36.875038183215885,-189.30000000000004,-99.36157137568286
F2,16,7,-0.005807362887199746,36.87478835559981,55.80000000000001,145.97868975061223
F2,16,8,-0.005809170590994953,36.87477723960491,82.70000000000002,172.74834701360805
F2,17,0,-0.005726684526437296,36.87487203949344,160.60000000000002,-109.52088979912389
F2,17,1,-0.005680100685960087,36.87511797762017,164.90000000000003,-105.19707478013406
F2,17,2,-0.005753495174871022,36.8748650207871,64.69999999999999,154.84837579545075
F2,17,3,-0.0057315060327681674,36.87487895852736,-184.00000000000006,-94.02686958675098
F2,17,4,-0.005717391355811571,36.87491464476272,52.59999999999999,142.78552825541016
F2,17,5,-0.005647438771535882,36.87510831210941,160.20000000000002,-109.92297367917546
F2,17,6,-0.005765142163435446,36.87485960188499,65.0,155.14708745906609
F2,18,0,-0.005726684526437296,36.87487203949344,160.60000000000002,-109.52088978567119
F2,18,1,-0.005680100685960087,36.87511797762017,164.90000000000003,-105.19707474738539
F2,18,2,-0.005753495174871022,36.8748650207871,64.69999999999999,154.84837585529027
F2,18,3,-0.0057315060327681674,36.87487895852736,-184.00000000000006,-94.02686956904007
F2,18,4,-0.005717391355811571,36.87491464476272,52.59999999999999,142.7855282986938
F2,18,5,-0.005647438771535882,36.87510831210941,160.20000000000002,-109.92297366631843
F2,18,6,-0.005765142163435446,36.87485960188499,65.0,155.14708747817744
F2,19,0,-0.00541221596988772,36.875017971290795,-170.9,-80.83970693869607
F2,19,1,-0.00519806640993676,36.87546133916812,119.6999999999999,-150.46534428605665
F2,19,2,-0.005473804914404678,36.87516221191908,155.80000000000004,-114.34421550180593
F2,19,3,-0.0055620380358634815,36.87517446329772,74.19999999999997,164.30053975218195
F2,19,4,-0.005308098084130041,36.875311074865806,155.9,-114.2437689738798
F2,19,5,-0.005552070970105281,36.8751754096195,118.20000000000002,-151.9599762266868
F2,19,6,-0.005287974660744196,36.875299166066505,159.70000000000005,-110.42554448786626
F2,19,7,-0.005389480302538351,36.87513415315287,-185.60000000000005,-95.63749887179273
F2,19,8,-0.005453969732509129,36.8750329523196,150.1,-120.06658809300241
F2,19,9,-0.005431614518454517,36.87514302447806,160.30000000000004,-109.82245494883894
F2,19,10,-0.005599620558543677,36.875031262773305,70.39999999999993,160.5213017079708
F2,19,11,-0.005493660851140603,36.875083088271914,164.40000000000003,-105.69996785752343
F2,19,12,-0.005418763077726078,36.87513826125311,161.09999999999997,-109.01825163251254
F2,19,13,-0.005400081101437517,36.87502166424494,-182.7,-92.71816943124709
F2,19,14,-0.005612486868633084,36.87505185481749,165.90000000000003,-104.19119992376945
F2,20,0,-0.00541221596988772,36.875017971290795,-170.9,-80.83970693889438
F2,20,1,-0.00519806640993676,36.87546133916812,119.6999999999999,-150.46534428610718
F2,20,2,-0.005473804914404678,36.87516221191908,155.80000000000004,-114.34421551936035
F2,20,3,-0.0055620380358634815,36.87517446329772,74.19999999999997,164.30053971179063
F2,20,4,-0.005308098084130041,36.875311074865806,155.9,-114.24376897404402
F2,20,5,-0.005552070970105281,36.8751754096195,118.20000000000002,-151.95997626378832
F2,20,6,-0.005287974660744196,36.875299166066505,159.70000000000005,-110.42554448804475
F2,20,7,-0.005389480302538351,36.87513415315287,-185.60000000000005,-95.63749887199266
F2,20,8,-0.005453969732509129,36.8750329523196,150.1,-120.06658811426125
F2,20,9,-0.005431614518454517,36.87514302447806,160.30000000000004,-109.82245494903263
F2,20,10,-0.005599620558543677,36.875031262773305,70.39999999999993,160.52130174749422
F2,20,11,-0.005493660851140603,36.875083088271914,164.40000000000003,-105.69996785772666
F2,20,12,-0.005418763077726078,36.87513826125311,161.09999999999997,-109.01825161895522
F2,20,13,-0.005400081101437517,36.87502166424494,-182.7,-92.71816943146321
F2,20,14,-0.005612486868633084,36.87505185481749,165.90000000000003,-104.19119993430095
F2,21,0,-0.00541221596988772,36.875017971290795,-170.9,-80.83970692896476
F2,21,1,-0.00519806640993676,36.87546133916812,119.6999999999999,-150.46534429763952
F2,21,2,-0.005473804914404678,36.87516221191908,155.80000000000004,-114.34421550052582
F2,21,3,-0.0055620380358634815,36.87517446329772,74.19999999999997,164.30053974083202
F2,21,4,-0.005308098084130041,36.875311074865806,155.9,-114.24376897320337
F2,21,5,-0.005552070970105281,36.8751754096195,118.20000000000002,-151.9599762274136
F2,21,6,-0.005287974660744196,36.875299166066505,159.70000000000005,-110.42554448181612
F2,21,7,-0.005389480302538351,36.87513415315287,-185.60000000000005,-95.63749886968226
F2,21,8,-0.005453969732509129,36.8750329523196,150.1,-120.0665880944605
F2,21,9,-0.005431614518454517,36.87514302447806,160.30000000000004,-109.82245495204262
F2,21,10,-0.005599620558543677,36.875031262773305,70.39999999999993,160.52130174145063
F2,21,11,-0.005493660851140603,36.875083088271914,164.40000000000003,-105.69996787043473
F2,21,12,-0.005418763077726078,36.87513826125311,161.09999999999997,-109.0182516136322
F2,21,13,-0.005400081101437517,36.87502166424494,-182.7,-92.71816943160952
F2,21,14,-0.005612486868633084,36.87505185481749,165.90000000000003,-104.1911999334867
F2,22,0,-0.00541221596988772,36.875017971290795,-170.9,-80.8397069356589
F2,22,1,-0.00519806640993676,36.87546133916812,119.6999999999999,-150.46534429763193
F2,22,2,-0.005473804914404678,36.87516221191908,155.80000000000004,-114.34421551791985
F2,22,3,-0.0055620380358634815,36.87517446329772,74.19999999999997,164.3005397003533
F2,22,4,-0.005308098084130041,36.875311074865806,155.9,-114.24376897317515
F2,22,5,-0.005552070970105281,36.8751754096195,118.20000000000002,-151.9599762645529
F2,22,6,-0.005287974660744196,36.875299166066505,159.70000000000005,-110.42554448179678
F2,22,7,-0.005389480302538351,36.87513415315287,-185.60000000000005,-95.63749887380256
F2,22,8,-0.005453969732509129,36.8750329523196,150.1,-120.06658809443373
F2,22,9,-0.005431614518454517,36.87514302447806,160.30000000000004,-109.82245495199892
F2,22,10,-0.005599620558543677,36.875031262773305,70.39999999999993,160.52130174145748
F2,22,11,-0.005493660851140603,36.875083088271914,164.40000000000003,-105.6999678589607
F2,22,12,-0.005418763077726078,36.87513826125311,161.09999999999997,-109.01825162737178
F2,22,13,-0.005400081101437517,36.87502166424494,-182.7,-92.7181694295462
F2,22,14,-0.005612486868633084,36.87505185481749,165.90000000000003,-104.19119992308251
F2,23,0,-0.005226105139698712,36.875285117348895,-185.69999999999996,-95.73815963640207
F2,23,1,-0.005389081724310815,36.875017889222875,144.7,-125.48170066399253
F2,23,2,-0.005186693777575194,36.87529027431015,-177.70000000000005,-87.68451598458623
F2,23,3,-0.0053463293033912465,36.87502111474612,-171.80000000000007,-81.74549514115952
F2,23,4,-0.0054669121486762545,36.87508739620888,140.7,-129.4887522537105
F2,23,5,-0.005378487022373331,36.87500758290319,140.49999999999997,-129.68900895467462
F2,23,6,-0.005553507327723136,36.875164304680396,152.70000000000002,-117.45715544498766
F2,23,7,-0.005274526780050488,36.875202776619105,106.30000000000001,-163.80337978917225
F2,23,8,-0.005363246429110613,36.875020819511015,-187.30000000000004,-97.3486623053451
F2,23,9,-0.005512871873440387,36.87506881380415,-187.69999999999996,-97.75126531981776
F2,23,10,-0.005529227003544991,36.875112788100765,169.6,-100.46854624279665
F2,23,11,-0.005511897507546497,36.875130125166535,154.09999999999994,-116.05153203692393
F2,23,12,-0.005502334688113007,36.875105828498945,-188.5,-98.55644056058784
F2,24,0,-0.005393292611448274,36.8750188622539,45.01723134839139,135.20965415509139
F2,24,1,-0.0053348403341682725,36.87503680372464,-34.202861152391556,55.61799967011619
F2,24,2,-0.005467236382718833,36.87508763743882,61.27460210389989,151.43650899056593
F2,24,3,-0.005378455209450976,36.875004846639996,50.83693732827795,141.0252523388926
F2,24,4,-0.00536895216205548,36.875019968097774,81.72988456214286,171.78448967146306
F2,24,5,-0.00551264398572012,36.87506618512207,86.16775391925255,176.1933327392299
F2,24,6,-0.005509771295744656,36.87512471696455,53.31641297805659,143.50060796254706
F2,24,7,-0.005502025485130817,36.875104262591016,57.39126173737882,147.56571835164547
F2,24,8,-0.005526685308609529,36.87511162713875,56.37918288168513,146.5563947932667
F2,24,9,-0.005520996764490821,36.87513389234245,57.86909009647702,148.04217025789748
F2,25,0,-0.0053911180150920095,36.87501776911134,43.336674256390154,133.52881066845856
F2,25,1,-0.005468305087632172,36.8750856490994,60.90248003015328,151.06572159315635
F2,25,2,-0.005365235642030445,36.87500931545217,82.1122106633661,172.16435648047602
F2,25,3,-0.0053658541812803,36.875018783834086,79.00634044990682,169.07816055509127
F2,25,4,-0.005511876289234197,36.87506650441455,85.64595237050955,175.67498903020817
F2,25,5,-0.0055108909691905,36.875124507920674,57.2046505494264,147.3796315919931
F2,25,6,-0.0055008370993093175,36.87510385611116,61.670423538204936,151.83088093724697
F2,25,7,-0.005520169590371016,36.87511040121101,64.96515364115947,155.11239153502677
F2,25,8,-0.005523029265107491,36.875134326461946,58.963354015786415,149.1331022414427
F2,28,0,-0.005390933526957583,36.8750161674999,50.22509529472012,140.41421163041295
F2,28,1,-0.005463807086348792,36.87508706480478,68.22206813810888,158.35433786862203
F2,28,2,-0.005360038012234776,36.87501139533421,81.68392629974319,171.7388263478229
F2,28,3,-0.005366883199879267,36.87501920370503,78.91058262955535,168.98299717498986
F2,28,4,-0.0055108927044413974,36.87506748964323,84.49437469713428,174.5310072357749
F2,28,5,-0.0055102983191275155,36.875122441474716,54.614377981174975,144.79586549661138
F2,28,6,-0.005500866442451104,36.87510361896202,62.39483752739924,152.55256339628625
F2,28,7,-0.005516309061262333,36.875109417810705,64.5606740971497,154.7096427798848
F2,28,8,-0.005521306675568896,36.87513516958146,56.3226037401168,146.49996317970113
F2,28,9,-0.005308474034291994,36.875053481579194,100.93110675415653,-169.14032453376316
F2,28,10,-0.005527750348022906,36.87508500130065,48.045164306175735,138.23643333604707
F2,29,0,-0.005390933526957583,36.8750161674999,50.22509529472012,140.41421157077957
F2,29,1,-0.005463807086348792,36.87508706480478,68.22206813810888,158.35433791979085
F2,29,2,-0.005360038012234776,36.87501139533421,81.68392629974319,171.73882634941876
F2,29,3,-0.005366883199879267,36.87501920370503,78.91058262955535,168.9829972192611
F2,29,4,-0.0055108927044413974,36.87506748964323,84.49437469713428,174.53100721094842
F2,29,5,-0.0055102983191275155,36.875122441474716,54.614377981174975,144.79586547572455
F2,29,6,-0.005500866442451104,36.87510361896202,62.39483752739924,152.55256343551537
F2,29,7,-0.005516309061262333,36.875109417810705,64.5606740971497,154.7096428191295
F2,29,8,-0.005521306675568896,36.87513516958146,56.3226037401168,146.49996316796563
F2,29,9,-0.005308474034291994,36.875053481579194,100.93110675415653,-169.14032449149073
F2,29,10,-0.005527750348022906,36.87508500130065,48.045164306175735,138.23643331462284
F2,30,0,-0.00547070898459156,36.8750849576024,52.62733958528769,142.81281907628693
F2,30,1,-0.005515948221279425,36.87506602658158,73.62034264086125,163.72417200237413
F2,30,2,-0.005513716032312025,36.87512160315468,48.078221862194944,138.269466467761
F2,30,3,-0.005507123373596345,36.8751045556892,61.47388939074742,151.63507030487884
F2,30,4,-0.00551214565945014,36.87511132696663,81.94795428691636,172.00115776133703
F2,30,5,-0.005527886803190023,36.87513515048061,57.63798685097655,147.81173873090282
F2,30,6,-0.0051797054779747585,36.87537027841516,-21.770875878348775,68.0962432828812
F2,30,7,-0.00529791374710174,36.875478418930776,106.57409293320516,-163.53083054490438
F2,30,8,-0.005315276113299316,36.87548769937141,-36.81248324686459,53.002723768299184
F2,31,0,-0.005454343015943681,36.87517300044451,52.52733958528769,142.71299658844816
F2,31,1,-0.005499135739373051,36.87515434764354,73.52034264086126,163.62473532756366
F2,31,2,-0.0054968305877415875,36.87520933141324,47.97822186219494,138.16953953827135
F2,31,3,-0.005490337431502325,36.87519245330062,61.37388939074742,151.53543554316758
F2,31,4,-0.005495294721832133,36.87519916143382,82.41737437447654,172.4675505880226
F2,31,5,-0.005510827631743592,36.875222759477694,57.53798685097655,147.71202593592798
F2,31,6,-0.005165927406244055,36.87545479840946,-21.870875878348777,67.99575708447483
F2,31,7,-0.005282694959941001,36.875561995662004,106.47409293320517,-163.63026849441033
F2,31,8,-0.005299857194088607,36.87557120753409,-36.91248324686458,52.902537453766435
F2,32,0,-0.005203457560711648,36.875283024486414,-185.20000000000002,-95.23485131912554
F2,32,1,-0.00539269619111518,36.87502075623992,136.29999999999998,-133.89225439386192
F2,32,2,-0.005160751311861321,36.87529629508189,-176.40000000000006,-86.37580225970095
F2,32,3,-0.00534807773163918,36.875019591858894,-187.70000000000002,-97.75126529849106
F2,32,4,-0.005467718476940867,36.875087623948666,142.20000000000002,-127.98653368818695
F2,32,5,-0.005380581002694763,36.87500717576324,137.5,-132.69174709015527
F2,32,6,-0.0055436878004852825,36.875159359764346,145.79999999999998,-124.37913213503707
F2,32,7,-0.005364392296952261,36.87502043846834,-184.70000000000002,-94.73153226615287
F2,32,8,-0.005513073433823108,36.875068013142446,-187.0,-97.04670372363758
F2,32,9,-0.0055086714228185325,36.875124216407876,140.89999999999995,-129.28848626881052
F2,32,10,-0.005503015537437628,36.87510645774382,160.0,-110.12400654625229
F2,32,11,-0.005528755441674701,36.87508187703809,82.89999999999998,172.947049822837
F2,32,12,-0.005233223920782597,36.87522865735901,80.19999999999999,170.2643453555991
F2,33,0,-0.005355334475361585,36.8752407515404,-169.2,-79.12894217957707
F2,33,1,-0.005201042207021544,36.87526650600414,-176.80000000000004,-86.77847887806773
F2,33,2,-0.005209727970492249,36.87510486760391,-189.6,-99.66348310315088
F2,33,3,-0.0052468215906862825,36.875260875691794,-175.60000000000002,-85.57046382998303
F2,33,4,-0.005221533723037261,36.87526324074143,-176.1,-86.07379788658942
F2,33,5,-0.005175454576657383,36.87527505528112,-188.60000000000002,-98.65708442416802
F2,34,0,-0.005355334475361585,36.8752407515404,-169.2,-79.12894217904964
F2,34,1,-0.005201042207021544,36.87526650600414,-176.80000000000004,-86.77847888529422
F2,34,2,-0.005209727970492249,36.87510486760391,-189.6,-99.66348312235198
F2,34,3,-0.0052468215906862825,36.875260875691794,-175.60000000000002,-85.57046383880565
F2,34,4,-0.005221533723037261,36.87526324074143,-176.1,-86.07379789667428
F2,34,5,-0.005175454576657383,36.87527505528112,-188.60000000000002,-98.65708442606916
F2,35,0,-0.005042018613714866,36.875505492034755,74.6,164.69824576124356
F2,35,1,-0.005048995840653925,36.875502144302644,65.80000000000004,155.94357375775743
F2,35,2,-0.005005377376298604,36.87548140052283,48.79999999999997,138.9906482064036
F2,35,3,-0.005067789389483763,36.875114307565724,153.09999999999997,-117.05558670318148
F2,35,4,-0.005035787119539627,36.875097034336335,153.70000000000002,-116.45317645417784
F2,35,5,-0.00506035938526568,36.87543108107736,105.8,-164.30053973019147
F2,35,6,-0.005048977689968094,36.87547891462212,82.60000000000002,172.6489947913336
F2,35,7,-0.00507075470926847,36.87530470924819,-181.39999999999998,-91.40943149784441
F2,35,8,-0.005119501472472504,36.875309069547065,-185.60000000000005,-95.63749886799336
F2,35,9,-0.0051770439982016265,36.87531051586952,-176.00000000000003,-85.97313040254389
F2,35,10,-0.0050212182461614905,36.87546022643787,98.10000000000001,-171.9535120042508
F2,35,11,-0.005017629424117214,36.87508964429062,141.5,-128.68763319219607
F2,36,0,-0.005066266825045351,36.8755400493941,19.1650625521077,109.28471730632474
F2,36,1,-0.005027036864739074,36.87551573735058,-44.17109698750782,45.63654162731944
F2,36,2,-0.005044323211260308,36.87549880892891,0.056535672928381686,90.05691668015648
F2,36,3,-0.005010712245824229,36.87511544814423,70.7927232270991,160.91197130606494
F2,36,4,-0.004999571833094233,36.87510331176221,63.207244684244486,153.36178818581118
F2,36,5,-0.005073930788752989,36.87553296484396,6.849614970641266,96.89533494088217
F2,36,6,-0.0050192124071251065,36.87511259156349,72.59513579531551,162.70467943323544
F2,36,7,-0.005047766408760384,36.875530867069386,-17.64940810725591,72.23909601292384
F2,36,8,-0.004997807306434686,36.87531160907778,82.90891689528378,172.9559088039199
F2,36,9,-0.0048991134585218196,36.87524109999788,75.94307134759458,166.03347850915978
F2,36,10,-0.0049129711717008865,36.87529383154427,46.9379430374524,137.1298826173587
F2,36,11,-0.004958583555505054,36.87527520640786,58.63387981337543,148.80465744571572
F2,36,12,-0.0050245421769471435,36.87532068353551,69.83754638738692,159.961749817765
F2,36,13,-0.0049327571287918915,36.875310442001414,72.54043897275525,162.65028361468399
F2,36,14,-0.0050304495280610855,36.87513792077363,87.8887920005015,177.90291260368673
F2,36,15,-0.004961557916934811,36.875074129183616,65.01622776441269,155.1632450712255
F2,36,16,-0.0050625597564827015,36.8754951787253,-9.862002658871496,80.07285031581895
F2,37,0,-0.005062736983908371,36.875554966830315,7.3680866041282425,97.41719267181536
F2,37,1,-0.0050221517476174956,36.87553110917534,-25.000212882965215,64.85206232528944
F2,37,2,-0.0050414408499433235,36.87551058033033,-4.790226267370991,85.17764174123576
F2,37,3,-0.005002519854759502,36.875125866945915,67.63359361084783,157.76869936170104
F2,37,4,-0.004992549871778962,36.875115638302965,66.81904615729653,156.95798363676792
F2,37,5,-0.005012511399959946,36.8751245954221,69.6524877244815,159.77763552823106
F2,37,6,-0.00503245238116103,36.87554477243274,76.78725410721722,166.8726323988464
F2,37,7,-0.004896052294369803,36.875253496131876,84.49924293112637,174.53584350731964
F2,37,8,-0.004892418754241557,36.875297772121236,75.48119237234475,165.5743182762053
F2,37,9,-0.004902435047552886,36.875276073381315,85.73898834846176,175.76740913411328
F2,37,10,-0.0049494281497652675,36.87531664421417,77.9417018841998,168.02008496623017
F2,37,11,-0.004912018746788174,36.87531132806681,55.231137378529226,145.4112078748537
F2,37,12,-0.005019912796629665,36.87514807780924,73.11588670403398,163.22254471718446
F2,37,13,-0.005052097946878813,36.87554642202509,-5.780564794959016,84.18074355994483
F2,37,14,-0.004818382873712681,36.87515252960209,57.78221711675481,147.9555511144954
F2,37,15,-0.005067536730265199,36.875549833947815,-8.345749620632184,81.59880431505489
F2,37,16,-0.004936666748881089,36.875312761078476,72.72756535020658,162.83637848564194
F2,37,17,-0.004954159171283105,36.875088445736594,68.58750070810224,158.7179814721457
F2,38,0,-0.005064886234949366,36.875553942284334,-2.8349609566692386,87.14596429833956
F2,38,1,-0.005022275948405104,36.875531817897276,10.24279840629128,100.31035384821566
F2,38,2,-0.005041085331295076,36.8755107976787,6.648788711814385,96.6931929709664
F2,38,3,-0.005003204736239752,36.87512643436381,74.47034211602025,164.5693335806595
F2,38,4,-0.0049880521376567555,36.875111428258,66.91876511415475,157.05723946618116
F2,38,5,-0.005011784330654647,36.87512367134726,65.81113540262216,155.95465954426808
F2,38,6,-0.005028083770114399,36.87554533933586,59.60037479738253,149.76806942338803
F2,38,7,-0.00489506634723061,36.87525158776272,86.32190278775252,176.34645849407264
F2,38,8,-0.0048911686500898045,36.87529572176102,75.959818228389,166.05012631191127
F2,38,9,-0.004902912483319731,36.87527549851118,89.50743131477597,179.5107285812778
F2,38,10,-0.004939632123181865,36.87531187522783,78.43776743418573,168.51310532123384
F2,38,11,-0.00491349563216414,36.87531156793337,55.50610633406146,145.68551823567518
F2,38,12,-0.005019057638239817,36.875147413552305,63.49250554502312,153.64590210963186
F2,38,13,-0.005054401155902398,36.87554746658598,-6.92329128130365,83.0305065955705
F2,38,14,-0.004815649363952912,36.87515417856764,86.31818444983631,176.3427648225046
F2,38,15,-0.0049255350007927435,36.875308723114586,79.23248355781952,169.3028966063165
F2,38,16,-0.005068634638786264,36.87554746738287,9.02431721446767,99.08412573849527
F2,38,17,-0.004930164627218557,36.875084608936795,104.7499386742401,-165.34453878172317
F2,39,0,-0.0050604941526048485,36.875553621531054,20.440372757498526,110.5666320490393
F2,39,1,-0.00501720166847449,36.87553019570161,18.120916687205337,108.23498549272853
F2,39,2,-0.0050381413102657474,36.87551002846696,5.670922407464893,95.70888993075737
F2,39,3,-0.005000421752034122,36.875122914882354,87.96276310473168,177.97638975228116
F2,39,4,-0.0050125734802413105,36.87512269086603,78.92821598938876,169.00052114528768
F2,39,5,-0.005025135110165431,36.87554223746169,79.81090054626684,169.87769516476945
F2,39,6,-0.0048922388706524505,36.87524954908174,85.24648219109979,175.27815965780619
F2,39,7,-0.004891294455334694,36.87529317592314,75.69035489712024,165.78225252367162
F2,39,8,-0.004901202595834568,36.87527234366792,97.39287796524687,-172.6560707203893
F2,39,9,-0.004937178128180778,36.875308800803964,80.71588064085654,170.77696051626344
F2,39,10,-0.004905901628303326,36.87530315374614,62.4467536424321,152.6042798935357
F2,39,11,-0.005021306367904231,36.87514663564035,67.49221307605957,157.62799173875734
F2,39,12,-0.005048808486123784,36.875544627084395,-6.44501326106768,83.51191971948283
F2,39,13,-0.004815780405438828,36.875148434565496,81.39233207711352,171.44910043547213
F2,39,14,-0.004913518589241707,36.87530334630787,96.52135144083384,-173.5219326410395
F2,39,15,-0.004913203246892719,36.8750848102228,93.40657151643467,-176.61618018163978
F2,39,16,-0.005064250526556761,36.87554779746458,6.866796788688866,96.91262921738333
F2,39,17,-0.004989667875065343,36.87510901347819,57.04102371890916,147.21645854438395
F2,40,0,-0.005060091846919395,36.87555418088986,23.966507223897064,114.10967727991444
F2,40,1,-0.005014318271162366,36.875534532069345,83.8494174191463,173.89027923189826
F2,40,2,-0.005038136013140988,36.875510889848464,-9.357780568508508,80.58027930882008
F2,40,3,-0.004999033601607387,36.87512552970435,80.47740102253093,170.5399929227644
F2,40,4,-0.005011706171276323,36.87512522584735,69.73513784793089,159.8598645456397
F2,40,5,-0.005022334430791022,36.87554362470356,82.76889813282023,172.81679855726762
F2,40,6,-0.004891090513204731,36.87525201798412,83.20125607110316,173.24634765133555
F2,40,7,-0.0048842449767869875,36.87529403067278,76.17667986080762,166.26570298495437
F2,40,8,-0.004900545426525489,36.87527554735641,80.54843156244942,170.61057355389264
F2,40,9,-0.0049365669947547194,36.875312189072744,82.17537604521183,172.2271146030598
F2,40,10,-0.005018109772736101,36.87514881915829,67.58437625039672,157.7197165813521
F2,40,11,-0.004811739515495634,36.87515201588909,85.82135915827851,175.84923451587412
F2,40,12,-0.004912549717399179,36.87530660320571,84.08218236860822,174.12152004306162
F2,40,13,-0.00506570180005325,36.875549240737705,-0.8007450569939571,89.19385901334539
F2,40,14,-0.004981492618346972,36.875107745244655,52.17100092858834,142.35727226055326
F2,40,15,-0.005050778340723039,36.87554962365196,-22.680727488813194,67.18202896314043
F2,40,16,-0.004911498560684617,36.87508864473986,82.36333854962436,172.41386390246248
F2,40,17,-0.004904011820826046,36.875305735141175,52.79293290314821,142.9781134243643
F2,41,0,-0.005060791101234518,36.87555237040184,35.37813474410598,125.56000769051094
F2,41,1,-0.0050132340061019,36.87553307820806,66.85148325606336,156.99027024199165
F2,41,2,-0.00503733955425245,36.875511160931694,-0.8374905375934958,89.15686599158691
F2,41,3,-0.004970410922245438,36.87509873135417,65.73608670108868,155.87994536165596
F2,41,4,-0.005012163962813374,36.87512202882982,61.2544098386892,151.41638983490398
F2,41,5,-0.0050192824583229,36.87554229144017,86.28102000924231,176.30584707552592
F2,41,6,-0.00489253556182161,36.875250737654135,68.11613250632747,158.2489169418564
F2,41,7,-0.004881922131338483,36.8752908083839,70.55991873014173,160.6803868678028
F2,41,8,-0.004900865894266835,36.87527413396151,82.55079150649681,172.6001048032362
F2,41,9,-0.004937747813726103,36.87531180427067,80.27965109341356,170.3434935998745
F2,41,10,-0.0050197971729464275,36.87514563963661,67.22641421645837,157.36344912807357
F2,41,11,-0.0048145314148555106,36.87514844298202,81.33553867941448,171.39267027308895
F2,41,12,-0.004913616205639264,36.87530472698852,94.1184992857851,-175.90897756437585
F2,41,13,-0.005066433120657941,36.87554828926208,-4.327148866526111,85.64380019054333
F2,41,14,-0.005050477526507886,36.87554588705143,-15.339626224095978,74.56190869112245
F2,41,15,-0.004911853654934853,36.875085684784864,90.64295888181111,-179.36134496388053
F2,41,16,-0.004906411383050977,36.87530369231272,64.41139760746593,154.56099754358803
F2,42,0,-0.005065990541979984,36.875553588533485,39.27338164547947,129.46209902390737
F2,42,1,-0.005012459177867696,36.875531072394196,69.74495750566393,159.8696340509521
F2,42,2,-0.005041854989338216,36.87551172136692,3.3101335093466595,93.33239202034952
F2,42,3,-0.0050230314096137195,36.875544341098774,95.11380984031757,-174.92024427415402
F2,42,4,-0.004890814580057986,36.875292549627005,84.18006576231907,174.21876182034032
F2,42,5,-0.005022908653294151,36.87514688271104,66.18714034123451,156.32897375557107
F2,42,6,-0.004814758897531676,36.875146106326014,69.39921239942,159.52564433451616
F2,42,7,-0.005071627989538469,36.87555092009605,3.6502107830163695,93.67474416514871
F2,42,8,-0.005053284276834335,36.875547024198994,-16.430816340685638,73.46447683561753
F2,42,9,-0.0049172675231808445,36.87508445606318,71.07489329707683,161.19265203808175
F2,42,10,-0.004892529717196619,36.87525241544523,94.50936371842191,-175.5207003671249
F2,42,11,-0.004899300094785258,36.875275761653974,84.54740811484295,174.5836919889859
F2,42,12,-0.00494040029476273,36.87531044948517,84.69454830796995,174.7298643485284
F2,42,13,-0.004919306651548286,36.87530525233807,81.97519345288211,172.0282216846677
F2,42,14,-0.004898524982392253,36.875292767291256,51.487997828649206,141.67536610964655
F2,43,0,-0.005069707719716691,36.8755576314101,20.27289719447804,110.39830325907978
F2,43,1,-0.005013656669809297,36.875532416923235,87.67388228905497,177.68943729305363
F2,43,2,-0.005045963550929902,36.87551192103351,10.600640335279055,100.67044809695572
F2,43,3,-0.005024370688601374,36.87554157326651,83.98821825413278,174.0281715742288
F2,43,4,-0.004872079337924847,36.87528225995165,62.406654191313606,152.56433468429054
F2,43,5,-0.005027193540149436,36.87514677029201,59.61053405312998,149.7781952680205
F2,43,6,-0.004815804278871038,36.87514820736641,70.64562365371641,160.76564354076635
F2,43,7,-0.005072752933569224,36.875549434803425,8.516341187952085,98.57288699304885
F2,43,8,-0.005055409497520653,36.87554635747932,-16.329218216564485,73.56664976692213
F2,43,9,-0.00489665380009395,36.875247824753664,94.4083779053597,-175.62101827702693
F2,43,10,-0.004899604229026371,36.87527593550408,95.31907302186893,-174.7163326803428
F2,43,11,-0.0049366286033247905,36.87530873548507,74.41714962177026,164.5164464085256
F2,43,12,-0.004897697967274163,36.875287551915314,42.35319847022106,132.544860394141
F2,43,13,-0.004918085593539155,36.87508214771195,79.84932219290297,169.91587553497607
F2,43,14,-0.004945147000669574,36.87508206104819,86.67161540714964,176.6938472919117
F2,43,15,-0.004924367709871875,36.87530605536427,82.25154266315731,172.30278983758586
F2,44,0,-0.005069751732840543,36.87555859983224,19.87160873760758,109.9949529075287
F2,44,1,-0.005009351195895452,36.875534879335774,89.14128672367885,179.14703442150002
F2,44,2,-0.005046039346638027,36.87551427564482,28.035579281996,118.19553888848473
F2,44,3,-0.0050227335245959705,36.8755424738466,85.82995426899227,175.8577726496125
F2,44,4,-0.004859261666588076,36.87527883703246,72.42329066790813,162.53377863272922
F2,44,5,-0.005021718333141701,36.875148258955946,35.45013641038002,125.6321669692997
F2,44,6,-0.004816081675992546,36.87514748547928,62.5275156972981,152.6847304434388
F2,44,7,-0.005071510028223991,36.87555127455968,4.202567578017609,94.2307882483527
F2,44,8,-0.005054424539978937,36.875548359541874,-13.933142870028318,75.97664854658358
F2,44,9,-0.00487242390307501,36.8752203028428,36.11836964836235,126.3018071428456
F2,44,10,-0.004899094353660732,36.875277146550104,110.75515755392078,-159.37205220623468
F2,44,11,-0.004926524429901076,36.87530718592248,77.67631493277224,167.756317699052
F2,44,12,-0.004894175587327574,36.87528612902743,38.38053060490687,128.56798408379035
F2,44,13,-0.004915527312684965,36.87508305004926,81.87188260949844,171.9255753767912
F2,44,14,-0.0049447193931295074,36.87508383494337,81.10863621692098,171.16721669135995
F2,44,15,-0.0049056611042076,36.875291787875916,11.09152379582819,101.16440330920167
F2,45,0,-0.00506782317744886,36.87555947342042,19.088323607030638,109.20757317402158
F2,45,1,-0.005004873331240012,36.87553445142951,117.7663983881145,-152.39194425834174
F2,45,2,-0.005043913228082634,36.875514578263626,15.561685664966612,105.66143290775047
F2,45,3,-0.0050223029407422725,36.87554363393773,83.92162624015924,173.96201558432497
F2,45,4,-0.0048606316725732955,36.87528112327424,85.33577567636426,175.36686343011004
F2,45,5,-0.0050178089927298605,36.8751463623564,62.67374230700359,152.8303897821311
F2,45,6,-0.004815163254335331,36.87514825325035,62.65065941038367,152.8073966824749
F2,45,7,-0.00507086607195564,36.87555236002974,12.065888945506822,102.14480070118738
F2,45,8,-0.005054352028382861,36.87554812710196,-5.836360748111736,84.1245793570312
F2,45,9,-0.004823123257668988,36.87518418465226,64.03664219189801,154.18780928481615
F2,45,10,-0.004897708253864813,36.87527874807432,98.39533607153174,-171.66007245133812
F2,45,11,-0.004914469145201479,36.87530456252679,75.41737561131148,165.51087529025892
F2,45,12,-0.004895116023745845,36.875287650989726,37.148987135226555,127.33439811030368
F2,45,13,-0.004914037862890299,36.87508469909367,86.75115305166878,176.77285591567448
F2,45,14,-0.004945868296321212,36.875085134304896,80.94791931165209,171.0075239260326
F2,45,15,-0.004905849106312746,36.87529410229012,23.516309067563462,113.65743647737204
F2,46,0,-0.00506309158499542,36.87556132964516,24.912708561155547,115.06005518401548
F2,46,1,-0.00500372562944591,36.87553658329585,-38.21688311632208,51.59591486532299
F2,46,2,-0.005040073103597702,36.87551800328968,4.921626047699128,94.95463075083373
F2,46,3,-0.00501798256901889,36.8755437896361,74.39449428420573,164.49392103556494
F2,46,4,-0.004858660242211462,36.87527760840471,59.93328860343406,150.09987711840367
F2,46,5,-0.005007097227567909,36.875131529414276,23.97857034494615,114.12179470527715
F2,46,6,-0.004791232378499579,36.8751366625495,67.75069728681632,157.88524310985275
F2,46,7,-0.005067312046286796,36.87555416547793,8.898284949482253,98.95728570578456
F2,46,8,-0.005050379954160128,36.87554947966024,-9.721427818529495,80.21431720869572
F2,46,9,-0.00477382156508732,36.8751512982482,68.00343524255015,158.1367651936707
F2,46,10,-0.004897098534597755,36.8752760951945,77.49013367227332,167.5712686088878
F2,46,11,-0.004913275420260942,36.87530366444003,74.00611801564679,164.10776269140234
F2,46,12,-0.004894524478050908,36.87528609228737,35.635956152297176,125.81838789724857
F2,46,13,-0.004918198750629889,36.87508650692749,72.98581407901625,163.09319615733503
F2,46,14,-0.004947733353264557,36.87508477289104,80.66041384867029,170.7218456762214
F2,46,15,-0.004904414048459455,36.87529269030061,22.122188506982887,112.25677012105012
F2,47,0,-0.0050655669337312135,36.87556071353717,45.23577364292849,135.42818501656103
F2,47,1,-0.0050006050220605365,36.87553900829285,-34.982969518603625,54.83604267620201
F2,47,2,-0.005041289397573426,36.87551857367627,0.26227201874168315,90.26403955865511
F2,47,3,-0.005019885341400677,36.87554615292775,89.80164897136382,179.80297676875406
F2,47,4,-0.0048575871625171135,36.87528011799599,60.039382373073245,150.2056136965839
F2,47,5,-0.0049859029299154705,36.87510884947091,46.272430986756426,136.46463579443
F2,47,6,-0.004767747949132752,36.87511451575523,2.6769553062657145,92.69497014421603
F2,47,7,-0.005069668130079256,36.875554551537945,14.463915768390471,104.55726698519511
F2,47,8,-0.005050551198902177,36.87554957484823,-12.349167867657382,77.57018354268006
F2,47,9,-0.004740042225098648,36.875145075129524,84.61297861015021,174.64883133793205
F2,47,10,-0.004896259030789459,36.875278320141106,89.62743856678699,179.6299325564276
F2,47,11,-0.004911007943488608,36.87530402260069,79.7485328610658,169.8157190097591
F2,47,12,-0.0048931952643514395,36.87528680382154,41.010427728373834,131.20107690236435
F2,47,13,-0.004944351887759246,36.87508630369026,79.93158194260153,169.9976182377181
F2,47,14,-0.004903967888816685,36.875296599548875,31.96525467120248,122.13835670008153
F2,47,15,-0.004915508180938461,36.87508529951469,78.37118201591963,168.44693003315362
F2,47,16,-0.0049227848847757045,36.87509100756705,121.55168568232392,-148.61966175355508
F2,48,0,-0.005066547509098139,36.87556208409948,45.35832688167031,135.55072696904026
F2,48,1,-0.0049961011142372145,36.87554512053938,-19.289538193343166,70.59015163749756
F2,48,2,-0.005042420159428727,36.875517578171355,-1.2927392493015741,88.69855130948946
F2,48,3,-0.0050209673962055695,36.875546418739,87.35969710350122,177.3773475193355
F2,48,4,-0.0049813641701747305,36.875103921689224,52.16236454503534,142.34865041430788
F2,48,5,-0.004770680550897333,36.87511643806668,2.3213068341733702,92.33693400512276
F2,48,6,-0.00507028869778527,36.875553177423775,17.319132869193634,107.4288082541926
F2,48,7,-0.005051809650395556,36.875550647167486,-9.99444060336209,79.9395733740895
F2,48,8,-0.004740138468697123,36.87514599200294,86.48430436515545,176.50778136505932
F2,48,9,-0.0048921494794098705,36.87527775577462,86.07622891534845,176.1024149003467
F2,48,10,-0.004906024220993683,36.87530601997697,86.77858669093459,176.8001070901375
F2,48,11,-0.004896419634074304,36.875290079164515,44.836285320589916,135.02870911032323
F2,48,12,-0.004945052002287269,36.87508601271022,83.60528523902266,173.6477427983266
F2,48,13,-0.004918470118081416,36.87508511483499,76.43462164875484,166.52210977486277
F2,48,14,-0.0048587110564090015,36.875281216557134,72.80340517951765,162.9117989171117
F2,48,15,-0.004900400650133891,36.87529302425051,46.30675389585913,136.49894752191352
F2,49,0,-0.0050625250440341305,36.87556503157917,39.463829290928004,129.6527925298727
F2,49,1,-0.004991651331989634,36.87554692725349,-34.82503992973075,54.994335641158116
F2,49,2,-0.005038676361441842,36.875523572122475,-0.207356465861535,89.79124604984551
F2,49,3,-0.005016162799100127,36.87554832242213,81.58084046024777,171.63640158254455
F2,49,4,-0.0047667509164389926,36.875114780099416,-1.3355747912729896,88.65542741807052
F2,49,5,-0.005067094598513204,36.8755556412442,13.048631031771087,103.1335335930716
F2,49,6,-0.005049612802773725,36.8755540194711,-12.243971226234567,77.67602422451631
F2,49,7,-0.00484419285440034,36.87526497158276,60.62565264041911,150.7898692814324
F2,49,8,-0.004902425253049799,36.875309115799496,79.78050137259055,169.84748691263513
F2,49,9,-0.004853878693801904,36.875282726923025,70.33816431651238,160.45978724402974
F2,49,10,-0.004917090988620983,36.87508806518169,75.27548837154521,165.36981748694774
F2,50,0,-0.0050639241459567415,36.87556667672609,55.04327110540665,145.2237820024351
F2,50,1,-0.004991259473158286,36.87555254498482,22.941162958875623,113.07962975712526
F2,50,2,-0.005038331650380347,36.875525054936375,8.319697581297529,98.37497547644824
F2,50,3,-0.00501244914760086,36.875551202693785,75.9644529187598,166.0547336224786
F2,50,4,-0.0047678994160530236,36.87511643638857,-9.423056593989953,80.51458703591483
F2,50,5,-0.005048112519799668,36.87555564971519,-16.191510410944787,73.70513881783016
F2,50,6,-0.004833592092293357,36.875260703411996,45.4341871687761,135.6265785327083
F2,50,7,-0.004851889356922904,36.875283311895636,69.78292451113845,159.90740717877046
F2,50,8,-0.004913905558945805,36.87509143222754,79.20754764623646,169.27811612020494
F2,50,9,-0.004941592050045936,36.87508991494358,82.65923854765023,172.7078497026069
F2,50,10,-0.0050670715164903655,36.87556034092517,20.7268438126291,110.85455248256453
F2,50,11,-0.004898111593253246,36.875311118127954,99.22412975515789,-170.83656905781893
F2,50,12,-0.004892417944918243,36.87529516727783,41.97681600292451,132.16823650412906
F2,50,13,-0.00496759835017106,36.87510582098759,79.05401741698597,169.125541238953
F2,50,14,-0.004900189278869231,36.875301234496575,-1.4881303886591422,88.50184491882952
F2,51,0,-0.005060995505477808,36.875569733087126,43.55024849850909,133.74245804537665
F2,51,1,-0.004997092848810269,36.87554662196077,69.32129797986892,159.44812288925596
F2,51,2,-0.0050393085947147195,36.8755295967808,25.564489374934304,115.71461912876298
F2,51,3,-0.005011884188412113,36.87555251879757,81.86246311011175,171.9162164416874
F2,51,4,-0.004768765461689888,36.8751150918012,-13.602872897966202,76.3088898983844
F2,51,5,-0.005046023186981345,36.875556597640276,-6.1341512709918025,83.82482595633688
F2,51,6,-0.004831137916286371,36.8752569453209,44.97847531372753,135.170898958843
F2,51,7,-0.004851889857162202,36.87528438694682,73.46450930548954,163.56921594155568
F2,51,8,-0.004914658238955576,36.87509107818841,76.94330020836233,167.02774080822465
F2,51,9,-0.0049422460150792295,36.8750905142353,84.57186629678742,174.6079894371461
F2,51,10,-0.00506548564735066,36.87555849272905,23.594458177882444,113.73594268600844
F2,51,11,-0.004897405817059161,36.87531356267984,-33.57867522572431,56.243760863217446
F2,51,12,-0.0048916697833066725,36.87529491178474,45.94592347461152,136.1382204735132
F2,51,13,-0.004967783754115645,36.87510668970803,85.74245586671498,175.77085376065156
F2,51,14,-0.0049227627714763965,36.87509607944687,-29.05205422198121,60.78428606321786
F2,51,15,-0.004898067594840199,36.87529896301142,35.017296319299604,125.1983624273149
F2,52,0,-0.005060172642766302,36.87556890465412,0.7220478505221699,90.72691354654609
F2,52,1,-0.005005436590752506,36.8755443786708,81.84663398666791,171.90048907079967
F2,52,2,-0.005039393563028483,36.875529724039424,17.610033783696274,107.72131336415451
F2,52,3,-0.004770538327694592,36.87511121567832,-23.960478781675413,65.89637829762813
F2,52,4,-0.005046149174407098,36.8755576277491,-9.181821799005913,80.75736179712483
F2,52,5,-0.004831552536094348,36.87525662987514,60.73309102664148,150.89693105613978
F2,52,6,-0.004850205997126927,36.87528352691885,69.83242396418956,159.95665357174823
F2,52,7,-0.004914652848048166,36.87508916387033,80.1749443530357,170.23944773539978
F2,52,8,-0.004943235389933864,36.87508994269935,78.7581290357925,168.83148838849965
F2,52,9,-0.005063905204276842,36.8755582956148,22.46199584928535,112.59820312363678
F2,52,10,-0.004894676590316814,36.87531413517839,-46.27488991099707,43.532906103057535
F2,52,11,-0.004892589606032515,36.875292044346814,25.898302775995937,116.04982777443954
F2,52,12,-0.004970011687837912,36.87510355437293,48.945626471857935,139.13613974650912
F2,52,13,-0.004922445132279967,36.87509502204311,-39.69361846976783,50.11713275830866
F2,52,14,-0.004895099541927338,36.875289294915355,18.922127325024434,109.04049647703525
F2,52,15,-0.005010660323723058,36.87555199197129,87.95249745206996,177.96619262062848
F2,53,0,-0.005061687260624663,36.87556686166649,-1.6317130511471465,88.35729600651253
F2,53,1,-0.005009001560689196,36.87554142491423,-21.173601614894537,68.69645512362064
F2,53,2,-0.005037327490885416,36.87552943861479,1.388450273681773,91.39780400991447
F2,53,3,-0.00477196084243099,36.87510984391268,-18.633026202655007,71.25014575923862
F2,53,4,-0.005047151218548619,36.87555466456509,-10.436100530561337,79.49512596364663
F2,53,5,-0.004831153270220498,36.8752528255528,33.68760492433158,123.86544985330453
F2,53,6,-0.00485165004684181,36.875280954163884,62.66196554041391,152.81865886694322
F2,53,7,-0.00491526175912795,36.87508844164985,71.91504881347109,162.02830667345134
F2,53,8,-0.004945122658725558,36.87508847842582,81.22416006040416,171.28200331319067
F2,53,9,-0.005066124648969329,36.875558736128866,32.172129816914605,122.34583503637559
F2,53,10,-0.004892342165633256,36.875314001206405,-36.413701276478804,53.402271280845554
F2,53,11,-0.004886072363552964,36.875290917857775,47.11716727268159,137.30901767823033
F2,53,12,-0.004842366138110923,36.87526626429032,57.54836024162049,147.7223696267344
F2,53,13,-0.005012238788075594,36.87554885912678,97.00490570198849,-173.04152653967608
F2,53,14,-0.004969144786829568,36.87510360464351,61.001905895682064,151.16479356976905
F2,54,0,-0.005071010381227003,36.87556949812053,-1.9181474269387415,88.06893496050738
F2,54,1,-0.0050187514266215975,36.87553961968654,61.375387709114776,151.5369283869191
F2,54,2,-0.005047153171546984,36.87552650567109,-1.4343310237314508,88.55600637100711
F2,54,3,-0.004779272832717662,36.87510705071386,-22.426348517715596,67.43761384962814
F2,54,4,-0.005057380219015432,36.875553219314845,-12.816396890996497,77.1001073793502
F2,54,5,-0.005078497075130977,36.875553886524834,37.53778225715763,127.72387530672854
F2,54,6,-0.004867494672913818,36.875315394517564,66.06390315342976,156.206293348642
F2,54,7,-0.004854081876930478,36.875267279106154,55.22520058190268,145.4052850647187
F2,54,8,-0.004853504943890066,36.87526734751022,64.0260430618701,154.17725408631674
F2,54,9,-0.004921796569269165,36.87508638888817,80.59559083383223,170.6574339276002
F2,54,10,-0.004953797852025298,36.87508692482116,82.28669074503333,172.3377111938322
F2,54,11,-0.004839503356562305,36.875254085625365,44.0228292468896,134.21516259154674
F2,54,12,-0.0048602664812854215,36.87528118362124,62.74054246679745,152.8969294399799
F2,54,13,-0.005021291155132946,36.87555066357511,-18.098248690986164,71.787805437449
F2,54,14,-0.0049804479071470665,36.87510222973034,52.27067603113757,142.4567784098345
F3,0,0,-0.004785773643751649,36.87373601857583,52.756119370040764,142.9413669258764
F3,1,0,-0.00461327606235054,36.873844092526205,1.1090501796133827,91.11652273303334
F3,2,0,-0.00461327606235054,36.873844092526205,1.1090501796133827,91.11652273299904
F3,3,0,-0.00461327606235054,36.873844092526205,1.1090501796133827,91.11652273298435
F3,4,0,-0.00439073066929928,36.873864257174695,-0.855999624919316,89.1382322331337
F3,5,0,-0.004370319585486751,36.87386288246478,-8.24480437981314,81.70040128890346
F3,6,0,-0.0042666610042047136,36.873805008847086,28.933007624212287,119.09624464334965
F3,6,1,-0.004289895238448123,36.8738135116194,53.431448301128206,143.61541847354346
F3,7,0,-0.004250140835964233,36.8738178768256,49.62134521117025,139.81116778336695
F3,8,0,-0.004297261758819796,36.87384497383467,-49.585454330055185,40.22468373732698
F3,8,1,-0.004288792856518531,36.87381452936169,-52.10729763428679,37.70632425394181
F3,8,2,-0.0042885421944386225,36.87383634522679,-43.79616656336392,46.01155295645398
F3,9,0,-0.0042310545165021385,36.87382095160841,-22.634022306396307,67.22895478366476
F3,9,1,-0.0042421227959474886,36.87383393219492,-3.2580856525849127,86.72000427907845
F3,9,2,-0.004241879861788334,36.87382629581993,-7.010447078000869,82.94278088826016
F3,10,0,-0.0042310545165021385,36.87382095160841,-22.634022306396307,67.22895474631252
F3,10,1,-0.0042421227959474886,36.87383393219492,-3.2580856525849127,86.72000427154956
F3,10,2,-0.004241879861788334,36.87382629581993,-7.010447078000869,82.9427808832177
F3,11,0,-0.004214967532105856,36.873808074765854,26.092020198558615,116.24434538475626
F3,11,1,-0.004227105549682391,36.8738150182184,-1.1664019009771778,88.82573933105242
F3,11,2,-0.004229368268183122,36.873826492089734,4.881597235653766,94.91433615875411
F3,22,0,-0.006717277244308808,36.870892924589064,-99.462405419193,-11.678761684558044
F3,22,1,-0.006733180233587013,36.87087850754361,-181.33950129284867,-103.22671958232009
F3,22,2,-0.00642319008481598,36.870664453990585,-169.7783687876219,-82.2317187858327
F3,22,3,-0.006745081989729598,36.87087116817292,-155.3225604373176,-65.07274653825988
F3,32,0,-0.006559230052854256,36.87081537644171,104.91384411667123,-165.18158817162455
F3,32,1,-0.006194628355948092,36.87070144706158,64.1690200138741,154.31963639341853
F3,32,2,-0.006528996142882155,36.870833316909284,92.96890153452136,-177.05093822345424
F3,32,3,-0.00628288577442971,36.87062340007845,-19.514265501042864,70.36424697297319
F3,32,4,-0.006566047015110398,36.87082740217966,59.02888663065537,149.19842735936183
F3,32,5,-0.006293427714231852,36.87065192744172,87.49576998120106,177.51251314022977
F3,32,6,-0.00628480819663999,36.87073822961806,-17.728713619762487,72.15935560339436
F3,32,7,-0.006300549346690162,36.87063259193194,68.15496400570132,158.28755996575705
F3,32,8,-0.006270676919523351,36.87067182507993,63.337065985973915,153.49108941623822
F3,32,9,-0.006652591655052048,36.87085009651631,78.9804840599269,169.05246472177484
F3,32,10,-0.006607203907758459,36.870803283338155,75.01499740939593,165.1108431669416
F3,33,0,-0.006567966922904629,36.87081324894289,91.75628712224653,-178.2554628419543
F3,33,1,-0.006208442883221561,36.87069979277357,59.20810687870369,149.37707588375744
F3,33,2,-0.006533047850288271,36.87083270197265,85.1683602077339,175.20055341400067
F3,33,3,-0.006296873726822004,36.87062440722015,-9.924941152021354,80.00951295290156
F3,33,4,-0.0065780864578690555,36.87082765991469,52.50183594900248,142.6875379163937
F3,33,5,-0.006314004499824121,36.870631994806594,60.83671681852388,151.0001913651106
F3,33,6,-0.006285581025706434,36.87067296193407,69.34815652538501,159.47484609895997
F3,33,7,-0.006582349304018152,36.87079239507141,72.21667076116162,162.32828905307787
F3,33,8,-0.006280481988619647,36.870587046450346,73.71133498418442,163.81465073875162
F3,33,9,-0.0062316744480046034,36.870633011636095,-46.62369139584105,43.18423093422165
F3,33,10,-0.006441497059318398,36.8706725782872,56.21908761049416,146.39671522364728
F3,33,11,-0.006306972228682503,36.87065121677674,81.99667828530845,172.04956823194343
F3,34,0,-0.006556581676511707,36.8707976378809,14.521567910417506,104.61525855384475
F3,34,1,-0.006212540806570006,36.8707069746507,65.10936876372064,155.25598252896842
F3,34,2,-0.006296172662078084,36.870628151941794,-18.934715889655074,70.94684814329858
F3,34,3,-0.006264346547438383,36.870685921981725,115.46445577151862,-154.68461946408308
F3,34,4,-0.006585175320247311,36.87079501933019,80.7344542215437,170.79541613135305
F3,34,5,-0.006164436345279178,36.87065684098844,82.4135737965885,172.4637745167799
F3,34,6,-0.006556119030642162,36.87084751529549,93.52172987951322,-176.50178717389466
F3,34,7,-0.006530351766811543,36.870836872715394,84.25752627737798,174.2957141587053
F3,34,8,-0.006628094637783293,36.8708330792166,78.92377316206613,168.99610583476897
F3,35,0,-0.00655160345435038,36.8707927265226,17.107697389330376,107.21619963311969
F3,35,1,-0.006205877020603474,36.87070996163785,83.2399875065915,173.28482696405737
F3,35,2,-0.006293508494056426,36.87063324742242,-15.498038915890955,74.4025807309928
F3,35,3,-0.006254478109519223,36.87069430150761,-14.278606066891404,75.62913629820726
F3,35,4,-0.006522312006773947,36.87085589803097,101.37087993978163,-168.7032772901515
F3,35,5,-0.0065256501492964815,36.87083471826444,82.02989214625936,172.08256823409025
F3,35,6,-0.006596065419020275,36.870825414413765,84.86779209685972,174.901967409879
F3,35,7,-0.006312003603229865,36.87063795444291,80.28778845431329,170.35157949911095
F3,35,8,-0.006273435774716538,36.87059547010236,43.56641126075385,133.75862588961508
F3,35,9,-0.006580340495769995,36.87082761904185,60.3828539200497,150.5479132715566
F3,35,10,-0.00629891395397343,36.87065644373002,95.81172126127588,-174.2269209281951
F3,35,11,-0.00658261062544816,36.870793712164335,70.5111761813934,160.63189878193577
F3,35,12,-0.006449452682866878,36.87066997762235,-34.75270590111934,55.066837986966014
F3,35,13,-0.006294463826649506,36.87073727641945,67.83226113664355,157.96641570247724
F3,36,0,-0.006550889517192591,36.870791837605736,17.467487269135702,107.577982224424
F3,36,1,-0.0062042483269304834,36.87070938358036,92.97207086959042,-177.04778995660558
F3,36,2,-0.0062907459398308906,36.87063144768483,-23.631220829662666,66.22712703243309
F3,36,3,-0.006234272697034537,36.87071140861701,-26.05572436742509,63.792099853710944
F3,36,4,-0.006515743543125649,36.870855868755406,93.3616338393304,-176.66081912340795
F3,36,5,-0.006524767806426585,36.87083486669417,86.07697018908362,176.10315124218403
F3,36,6,-0.006577356289517842,36.870817349611364,69.89018689980603,160.01412071052118
F3,36,7,-0.006308796987904753,36.870636601810844,65.75634054828028,155.90010901250068
F3,36,8,-0.006268638267515663,36.87059219373745,21.64514801041864,111.77741525768687
F3,36,9,-0.006576216545919898,36.87082362419781,60.941520986216105,151.10462375536278
F3,36,10,-0.006295393730743639,36.87065613261687,96.81900988947795,-173.2262135707033
F3,36,11,-0.00645263555145578,36.87066498115771,115.9413127074838,-154.20976289622556
F3,36,12,-0.006582353670507301,36.870792697865895,76.51691042243623,166.60390735625379
F3,36,13,-0.006290656666241285,36.87073656590313,69.11382181661702,159.241688918245
F3,37,0,-0.00655273750818063,36.87078664705518,4.598855994962188,94.62971566855532
F3,37,1,-0.006201023866281969,36.870716566806166,-4.040564577527184,85.93229515575042
F3,37,2,-0.006293242897243277,36.87063095058613,-25.67166003956087,64.17775999675352
F3,37,3,-0.0062344966193103105,36.87070878786614,-19.982337393348544,69.89374701929036
F3,37,4,-0.0065121793486381495,36.87085411088049,87.13776984474929,177.1568991675657
F3,37,5,-0.006309952345986343,36.870636159686505,74.87803042969072,164.97467055283113
F3,37,6,-0.006272569396566259,36.87058841603368,33.517962429616105,123.69536859457848
F3,37,7,-0.006573041891546069,36.87082340931465,53.949583284145575,144.13250421544294
F3,37,8,-0.006297280215938394,36.870654754406694,89.54381689263202,179.54687060964253
F3,37,9,-0.00645507706001469,36.870662564029125,-48.85208410408012,40.957315412370626
F3,37,10,-0.00658221809937934,36.870790549003154,69.5456015645393,159.67129247480113
F3,37,11,-0.006293148855284044,36.870736589397325,56.81417249460941,146.9902269628056
F3,37,12,-0.006523535881246822,36.87083179464109,86.97654996668167,176.996752902502
F3,38,0,-0.006201004444721602,36.87071564184279,-40.59890558061896,49.210839663717294
F3,38,1,-0.006292923061635932,36.870628895192525,-29.909424595552085,59.92395554141687
F3,38,2,-0.006237286986268377,36.87070325066227,-41.47565102313348,48.33330131725152
F3,38,3,-0.006513335434458852,36.870851929240295,86.2743286545107,176.299200137186
F3,38,4,-0.00645946238913177,36.870656871438406,-52.27158506324757,37.542314114104485
F3,38,5,-0.006580664384560885,36.87078966723664,69.34635814200097,159.47305676208936
F3,38,6,-0.006517451254185573,36.87082549579553,49.80764700018325,139.99726061007044
F3,38,7,-0.006553237094167104,36.87078677042963,3.1595223962869223,93.18077240186366
F3,38,8,-0.006554624896620099,36.870781667944996,18.088055222920673,108.20194572403165
F3,38,9,-0.006275221227189046,36.87058382978439,-2.6859013756040966,87.29602379060226
F3,38,10,-0.006310055873769545,36.87063324742046,82.44815261052783,172.49812983101978
F3,38,11,-0.006300026474528624,36.87065126276252,75.54882802413293,165.64155725169104
F3,38,12,-0.00657364563912947,36.870821979335936,62.241696199495905,152.40000790796765
F3,38,13,-0.006293743068881934,36.870739321285114,33.54896575480187,123.72645255234205
F3,39,0,-0.006290102557479556,36.870628665709816,-29.13009253932792,60.705972189175554
F3,39,1,-0.006231232655376207,36.8707078698378,-31.9907403596471,57.83608281225185
F3,39,2,-0.006507208275490323,36.870852375575346,76.66010160893464,166.7462421444269
F3,39,3,-0.006457321816382276,36.87065777023615,-36.85751012657897,52.957612709422996
F3,39,4,-0.006575257654487938,36.870788624024314,74.46526507902436,164.56428563925616
F3,39,5,-0.006515728299241652,36.87082372836567,34.286870393807334,124.46621504146358
F3,39,6,-0.006550883928831727,36.87078404846793,1.9016353564524486,91.91444190755969
F3,39,7,-0.006550811749412164,36.87078169235828,37.52518822140365,127.71125975942594
F3,39,8,-0.006271963012155338,36.87057918323988,-5.2925375417285725,84.671998022576
F3,39,9,-0.006307823029899273,36.87063347636418,88.96350223492958,178.97043942790845
F3,39,10,-0.006297009756100026,36.87065217905196,81.513056878524,171.5690524434073
F3,39,11,-0.006297217825682841,36.87074415690144,54.937813398134935,145.11856821352805
F3,39,12,-0.006555774410549817,36.870808798122326,34.259374313524916,124.43865188390048
F3,40,0,-0.006287939579196329,36.87063234507179,-40.05241596521961,49.75791384614921
F3,40,1,-0.00623114394816221,36.870711269543236,-21.138835081329624,68.73139443615172
F3,40,2,-0.006502518997221068,36.870851957035505,67.5180851710809,157.65374089828947
F3,40,3,-0.006573193496457857,36.87078956084364,67.47034004757757,157.6062224615043
F3,40,4,-0.006515032801459418,36.87082642765982,24.920963855373085,115.06834622464483
F3,40,5,-0.006553916166171629,36.87077941119174,21.166870129422836,111.29677993725807
F3,40,6,-0.006307049433142374,36.87063451757386,92.94627149479888,-177.0734175709825
F3,40,7,-0.00654003585122696,36.87077890942214,-33.074875097128846,56.74889414662807
F3,40,8,-0.006294620736717514,36.8706527658608,79.98395106779881,170.0496578674036
F3,40,9,-0.006196845514267141,36.870721460259944,-28.545425301726127,61.292733552364524
F3,40,10,-0.006454778929190392,36.87066101862915,-48.23866982561151,41.570207680217585
F3,40,11,-0.006272380161874384,36.87058121369979,-17.509320257939525,72.37995424226926
F3,40,12,-0.006301657882484952,36.87074918833286,50.644922664493905,140.83349841671108
F3,41,0,-0.006286663085061262,36.87063492218785,-36.21533935616951,53.601027255216465
F3,41,1,-0.006224549160551488,36.87071923963374,-33.38714513363638,56.435791307062324
F3,41,2,-0.006500148457857267,36.87084716589475,40.32896569608823,130.51894028710456
F3,41,3,-0.006572022843131631,36.87078886341599,67.14849432489247,157.28589523215885
F3,41,4,-0.00651410673330117,36.870826400179915,9.510502440723357,99.573415953134
F3,41,5,-0.006552942638827349,36.87077960909906,30.353993044131816,120.52208885636539
F3,41,6,-0.006306357624568702,36.87063551213933,85.11603679179811,175.14857534535298
F3,41,7,-0.006542840611551369,36.870779897435334,100.14172023969901,-169.92477679723459
F3,41,8,-0.00629379586314329,36.8706543352687,80.46264153264717,170.5253268393063
F3,41,9,-0.006193075486560337,36.8707273165632,-16.601877820430047,73.29245053364968
F3,41,10,-0.006453236321720018,36.8706623600933,-44.75833948365931,45.049238726942484
F3,41,11,-0.006272384790576565,36.87057812822986,-26.422361288863208,63.42396519655855
F3,41,12,-0.006302750126103555,36.870751827996806,51.624387499576954,141.81154519103495
F3,42,0,-0.006288010760930057,36.87063876085916,-7.673128502895976,82.27578073539206
F3,42,1,-0.006223232545937971,36.87072496747278,-37.33938791400877,52.47486279380365
F3,42,2,-0.0064997157734041616,36.87084887348305,41.28556396068639,131.47645489935255
F3,42,3,-0.0065735386618051995,36.87079319910461,82.55776828970873,172.6070364329898
F3,42,4,-0.006554285667831314,36.870781211337466,20.32185409848886,110.44751004097006
F3,42,5,-0.006291869950124641,36.87065616756142,75.09516222822177,165.19054209397643
F3,42,6,-0.00619274963409673,36.87072956758987,-29.37339228370946,60.46182113640194
F3,42,7,-0.006270707629876777,36.87058296125064,-1.9667790531227372,88.01997637606584
F3,42,8,-0.006301493552916813,36.87075301025531,54.01595673354316,144.19873898231148
F3,42,9,-0.006304141618295051,36.870639161788425,106.21390711586544,-163.88898584297883
F3,42,10,-0.006526709693214325,36.870778429117536,70.58287920497104,160.70322731199536
F3,42,11,-0.006513877335682448,36.87082924435186,6.120466976519012,96.16139960343854
F3,42,12,-0.006455993505516358,36.870663612507535,-50.429384172121615,39.38175753823954
F3,42,13,-0.006536693405753013,36.87076271176,24.341572421249598,114.48641708859674
F3,43,0,-0.006287963143124237,36.87064074085244,-2.1346207731317275,87.8510064091714
F3,43,1,-0.006219590398091432,36.870730109366384,-30.908585115075116,58.92153481295159
F3,43,2,-0.0064974194321534015,36.87084932492367,41.08367675694872,131.274391997414
F3,43,3,-0.006527469322882638,36.870798383649024,83.28099547205893,173.32556786553306
F3,43,4,-0.006552039639492013,36.87077874867995,-0.5433754019522503,89.45296273518915
F3,43,5,-0.006194403697843223,36.870730747494164,-3.4417391569348013,86.53512157320051
F3,43,6,-0.006269510111011799,36.87058458825954,0.9070027907482832,90.91311451616878
F3,43,7,-0.006297889429006901,36.87075412284647,63.38332165882292,153.5371590100936
F3,43,8,-0.006303622764636822,36.870639765641705,94.10313354317947,-175.92424155599178
F3,43,9,-0.006513064129743922,36.870829475666255,-0.05783166223057634,89.9417785683145
F3,43,10,-0.006454715923015195,36.87066635099287,-28.374672249655248,61.46411102919468
F3,43,11,-0.006531846523997255,36.87076191030843,50.0254802840404,140.2148394125158
F3,43,12,-0.006525105964060856,36.87078052933437,69.79628100990662,159.92069543649237
F3,43,13,-0.006289853035670785,36.870658373080836,84.38511878472463,174.42246916184132
F3,44,0,-0.006285883087689795,36.870642321689346,-14.019228956719164,75.89005062226899
F3,44,1,-0.006220530219123424,36.87072917786845,-35.6753915879686,54.142092480732586
F3,44,2,-0.006483053285972436,36.87081950100638,50.03518661641145,140.2245341163138
F3,44,3,-0.00651568343181237,36.870796704778506,88.02299676346352,178.03622114793325
F3,44,4,-0.006555138726491319,36.87077042818859,-10.574630014244862,79.35572554969247
F3,44,5,-0.006192443262333126,36.87073135910299,-4.226599244254231,85.74501987402574
F3,44,6,-0.006271556961527223,36.87058151022196,-9.143009567694085,80.79642224965042
F3,44,7,-0.006302953567267045,36.87075696445775,63.70753774636091,153.8600598082256
F3,44,8,-0.00630191467582155,36.870640733793664,81.56637593713917,171.6220298235821
F3,44,9,-0.006501805010677456,36.87077025585972,-11.351952145357538,78.57354741503497
F3,44,10,-0.006453349659645166,36.870665120400595,1.027472432805924,91.03439558573656
F3,44,11,-0.006528150409166095,36.87075932245079,64.66591676008778,154.81443792223772
F3,44,12,-0.006290892294554796,36.87065937242479,75.46972270781268,165.56291583997077
F3,44,13,-0.006523841403156697,36.870780129299646,89.62048745043163,179.62302797915916
F3,45,0,-0.006286058416154194,36.870638489583826,-35.78868026262927,54.02856396220573
F3,45,1,-0.006222246586226321,36.87072730667068,-25.898842004831046,63.949630754545716
F3,45,2,-0.006485375947405803,36.87081564978909,49.99982490456374,140.18921452963954
F3,45,3,-0.00655724374946431,36.87076562883112,-29.671056748623467,60.16313144456503
F3,45,4,-0.006194275575502339,36.87072983003113,-3.591056171052398,86.38480588953507
F3,45,5,-0.00627172880751932,36.870582101189285,-12.038981835795967,77.8822717846512
F3,45,6,-0.006305463687959833,36.87075572457418,55.443171421947156,145.62273546527598
F3,45,7,-0.006503273534142221,36.87076534855702,-13.23279568808644,76.68119004981511
F3,45,8,-0.0064543917877353,36.870664564688944,-33.16626263701756,56.657260705033785
F3,45,9,-0.0065266850318374875,36.87075762524848,58.41294663986402,148.5844018945337
F3,45,10,-0.006288893996592417,36.8706288777029,68.7513552835187,158.88102698839268
F3,45,11,-0.006519856557353911,36.87079510828108,92.89887213391123,-177.12050126063514
F3,46,0,-0.006279946169263171,36.87064324690892,-39.4267023622588,50.38438167677285
F3,46,1,-0.0062208381289671905,36.87072699764787,-23.693109691192774,66.16495649782868
F3,46,2,-0.00647497368257715,36.87079464603672,35.736092550726326,125.91873735372968
F3,46,3,-0.006557512723577723,36.87076088562443,-21.9071683201443,67.95928862442281
F3,46,4,-0.006192326859414569,36.87073108919905,-16.885173734790857,73.00756513256223
F3,46,5,-0.006270961816651092,36.870576507228876,-15.936290199182558,73.9618133098057
F3,46,6,-0.006307253268474087,36.87075582158239,67.95520069927113,158.08876346162523
F3,46,7,-0.006502844437084622,36.87076418232623,-14.364470233279796,75.54276490176889
F3,46,8,-0.006456581281404413,36.87066169037844,-37.458963067473725,52.355079365194015
F3,46,9,-0.006524634261621961,36.87075533446994,66.52940081534338,156.66967409976922
F3,46,10,-0.006281509257887871,36.87062423788356,86.92734468247784,176.94787521277448
F3,46,11,-0.006511470708167327,36.87079345103682,107.83603717290269,-162.27586850163897
F3,46,12,-0.006513424036521149,36.87076320251177,-37.479824488766546,52.334181915800535
F3,46,13,-0.0062882503432789,36.870656947179604,97.39089530212996,-172.65804052444446
F3,47,0,-0.006277483123632529,36.87064517943236,-41.4872844910813,48.32165850954606
F3,47,1,-0.0062177086052565295,36.87073176939528,-27.32738536224242,62.51535292250116
F3,47,2,-0.0064720165099741616,36.87079499485827,84.15411631479024,174.19298251818864
F3,47,3,-0.006556360782705223,36.87076123677885,-20.506494221898002,69.36691077276699
F3,47,4,-0.006190555170862924,36.87073440668182,-12.316937323067396,77.60261131209518
F3,47,5,-0.006268622505089595,36.87057747553901,-6.044040699060081,83.91553006352571
F3,47,6,-0.006503849155688671,36.870762190572215,-18.152539503757154,71.73322019100415
F3,47,7,-0.006455001148750068,36.87066228340676,-40.383245892958804,49.42672180551923
F3,47,8,-0.0065224303544843135,36.87075616464489,73.17865101555309,163.28495885863555
F3,47,9,-0.006275761208651809,36.87062448142269,89.77722416073287,179.7787155247843
F3,47,10,-0.006507844351756268,36.87079539718946,104.65539487869141,-165.43853048062664
F3,47,11,-0.006509141555593382,36.870764250187285,-16.539586181611043,73.35509307219827
F3,47,12,-0.0063086957073893325,36.87075756875322,70.26139843263428,160.38341951671316
F3,47,13,-0.006285612166820228,36.87065714856137,98.92091267364896,-171.13785623282592
F3,48,0,-0.0062757048088210275,36.87064508133641,112.80003719931301,-157.33712200500727
F3,48,1,-0.006215779181073633,36.870732051283575,-29.711433367507844,60.12261713341989
F3,48,2,-0.006470050814509989,36.87079635745618,68.16386490226434,158.2964176097432
F3,48,3,-0.006556118620835016,36.87075831063556,-12.102959241310563,77.81790125045637
F3,48,4,-0.0061879949539436685,36.870735637739934,-0.3944005033312621,89.60294151809768
F3,48,5,-0.006269239023587284,36.870579478557275,-32.692066598268866,57.13275229259096
F3,48,6,-0.006503822069000911,36.8707497832461,7.475361870530669,97.52516656324205
F3,48,7,-0.006456649838116998,36.87065868233608,-28.008322584365146,61.831819811023735
F3,48,8,-0.006274400031274107,36.87062466002249,85.3095007320966,175.34076200184015
F3,48,9,-0.006309732691806557,36.87075827898679,80.81990984854455,170.8803287969871
F3,48,10,-0.006282306436549745,36.87065816581275,105.70428447347948,-164.39570808109647
F3,48,11,-0.006521947001527059,36.87075752217049,68.38997600371829,158.5214263782417
F3,48,12,-0.006511327444628634,36.870757916265276,3.97020698726703,93.99687774741967
F3,48,13,-0.0065049710348258575,36.87079635126265,111.14044078761493,-158.98869434318428
F3,49,0,-0.006276480031305863,36.87064549969156,112.10766017678337,-158.0262054983763
F3,49,1,-0.006215246498429263,36.87073304616338,-24.164690991286207,65.69125094735907
F3,49,2,-0.006469260536524614,36.870796882260436,51.56558011953908,141.75282912713502
F3,49,3,-0.006551194110492554,36.87075586319472,32.90516593160007,123.08093524868178
F3,49,4,-0.006186976244607031,36.87073565547739,-10.650475878537138,79.27940354103495
F3,49,5,-0.0062699485699497185,36.8705810997282,-28.78103783215869,61.05626891765409
F3,49,6,-0.00631403011866008,36.87075947023744,94.43321920596568,-175.59634127601862
F3,49,7,-0.006277514026103844,36.8706596033206,96.65401916760418,-173.3901298534969
F3,49,8,-0.006515713853473271,36.87075431909161,64.34427004486955,154.4941526069639
F3,49,9,-0.006455481416595317,36.87065870875962,-30.726524195309878,59.10417443873129
F3,49,10,-0.006503935977672459,36.87079797775094,112.47216988283849,-157.6634395198454
F3,49,11,-0.006505071820813305,36.870748937968386,6.1088410933277935,96.14969717194947
F3,49,12,-0.006269184634683662,36.87062196622393,84.12483709478143,174.16389526541832
F3,50,0,-0.0065082129068657615,36.87075013850065,39.173243346107405,129.3618280739772
F3,50,1,-0.006503459249348367,36.87080052909907,-34.9377539262714,54.88136170602209
F3,50,2,-0.006497438350551302,36.870759601448,73.64169594907162,163.74540489013302
F3,50,3,-0.006269105082153178,36.87062550620315,75.86561984030683,165.95648452874835
F3,50,4,-0.006198271199831134,36.87074335721498,-49.43391621295914,40.376059029621565
F3,50,5,-0.006186499530859716,36.870740722776624,-9.45441093447199,80.48303284389058
F3,50,6,-0.006269274382185965,36.87058192237776,-37.13936477058434,52.67524161712358
F3,50,7,-0.0062713033326020256,36.87064743214704,82.64048631373186,172.68921893580793
F3,50,8,-0.006271723616426585,36.870660685762545,102.03211488957609,-168.0461080578954
F3,50,9,-0.006516350556095655,36.87076592915095,-19.478281582000243,70.4004188944593
F3,50,10,-0.006509368315515821,36.87075886777001,9.031058372323267,99.09091008915532
F3,50,11,-0.006466297794167432,36.87079853703053,57.1185407241385,147.29376129358533
F3,51,0,-0.006509527022957539,36.87074999955299,26.236554736479114,116.38947238448092
F3,51,1,-0.006501252578533376,36.87080407115382,93.96044098207437,-176.0659881880709
F3,51,2,-0.006269206978552307,36.870626737009104,76.42001063834962,166.50758588129054
F3,51,3,-0.0062708218647690665,36.87058445284848,-25.483841111020524,64.36636928695486
F3,52,0,-0.006502555311481437,36.87081283534921,99.91967470891375,-170.1454252224825
F3,52,1,-0.0062686303325670085,36.87063437354218,80.3774852715065,170.44070938947493
F3,52,2,-0.006274005938800438,36.87059263180885,-24.383964321602654,65.47100328018078
F3,52,3,-0.006511456396488474,36.87076750414983,9.107534097556792,99.16787535365785
F3,53,0,-0.006511260988714154,36.87079608552158,111.35024994883518,-158.77992397267093
F3,53,1,-0.006516102676291248,36.870745227765546,34.22434171259833,124.40353355705041
F3,53,2,-0.006514376307856407,36.87073442851058,33.256343373004896,123.43306065227308
F3,53,3,-0.0064968442961575845,36.870772830839684,84.79448273619386,174.82914090765146
F3,54,0,-0.006274727432420897,36.87062076375332,68.90318953387255,159.0321078283552
F3,54,1,-0.006478501402336842,36.87079596398946,46.941936616779884,137.13387426890955
F3,54,2,-0.006511407872396197,36.870799447147654,103.35574827850128,-166.7304871654195
F3,54,3,-0.0064959298362271415,36.87077487444472,96.54123048139213,-173.50218328032201
F3,54,4,-0.006282722934686716,36.87058142579054,-35.781701699904914,54.03555725343547
F3,55,0,-0.0062700002693769,36.87058269774884,-23.01597112495258,66.84521277921465
F3,55,1,-0.006497973385374559,36.8708015274158,75.52251341130369,165.61539702288417
F3,56,0,-0.00667548090138817,36.87079387958641,-3.3605129766963087,86.61689128444696
F3,57,0,-0.00647628036103332,36.870749607704425,-3.5136302813588003,86.46274954657245
F3,57,1,-0.00645114292542325,36.870733724009,52.80700611212856,142.9921609506514
F3,58,0,-0.006477346418638161,36.8707447652592,67.89999999999999,158.03382877663296
F3,58,1,-0.0064830906470484196,36.870688558775825,-18.05331330197835,71.83298489300992
F3,58,2,-0.006659116666696781,36.870756097594324,-65.50484646876612,24.350270345558553
F3,58,3,-0.006454678976807031,36.8707154944821,0.10484646876538761,90.10555308784072
F3,59,0,-0.006477346418638161,36.8707447652592,67.89999999999999,158.0338287877686
F3,59,1,-0.0064830906470484196,36.870688558775825,-18.05331330197835,71.83298488494886
F3,59,2,-0.006659116666696781,36.870756097594324,-65.50484646876612,24.350270302943894
F3,59,3,-0.006454678976807031,36.8707154944821,0.10484646876538761,90.10555308053372
F3,60,0,-0.006477346418638161,36.8707447652592,67.89999999999999,158.03382878777833
F3,60,1,-0.0064830906470484196,36.870688558775825,-18.05331330197835,71.83298488503797
F3,60,2,-0.006659116666696781,36.870756097594324,-65.50484646876612,24.35027030296741
F3,60,3,-0.006454678976807031,36.8707154944821,0.10484646876538761,90.10555308064842
F3,61,0,-0.006477346418638161,36.8707447652592,67.89999999999999,158.03382882110915
F3,61,1,-0.0064830906470484196,36.870688558775825,-18.05331330197835,71.83298487889427
F3,61,2,-0.006659116666696781,36.870756097594324,-65.50484646876612,24.350270285038548
F3,61,3,-0.006454678976807031,36.8707154944821,0.10484646876538761,90.10555308054002
F3,62,0,-0.006477346418638161,36.8707447652592,67.89999999999999,158.03382878172962
F3,62,1,-0.0064830906470484196,36.870688558775825,-18.05331330197835,71.83298487856798
F3,62,2,-0.006659116666696781,36.870756097594324,-65.50484646876612,24.35027028498518
F3,62,3,-0.006454678976807031,36.8707154944821,0.10484646876538761,90.10555308019639
F3,63,0,-0.006332980572522858,36.87064622172296,163.29999999999998,-106.80622336160263
F3,63,1,-0.006485706159331289,36.870792963126846,132.79999999999995,-137.39180666584437
F3,63,2,-0.006662685821159373,36.87078995639729,83.99999999999997,174.0398761748553
F3,64,0,-0.0064859476967465135,36.87078961426725,131.8,-138.39115247737317
F3,64,1,-0.006662870579976681,36.87078885475449,95.69999999999996,-174.33790917738366
F3,64,2,-0.006431668663476378,36.8707338369562,-43.569403903462245,46.23838051457283
F3,64,3,-0.006439521396201562,36.870754605490525,27.146805387274576,117.30336366215286
F3,64,4,-0.006478274851595268,36.87072268377916,-8.214055969611342,81.73134835437615
F3,64,5,-0.006454358786927323,36.870607974713266,-98.51743472026914,-8.461243827208476
F3,65,0,-0.006668375308168744,36.87079523081838,86.40000000000005,176.42403705001453
F3,65,1,-0.006277215858465868,36.87061126157224,-172.99999999999997,-82.95329624277511
F3,65,2,-0.006294673613961305,36.87060636983341,58.19999999999999,148.37209891138755
F3,65,3,-0.006491161272364742,36.87079669330799,140.2612177404421,-129.92808569171694
F3,65,4,-0.0064807206125683785,36.870727243150405,-7.26432655357878,82.68724374505281
F3,66,0,-0.006668375308168744,36.87079523081838,86.40000000000005,176.4240370077698
F3,66,1,-0.006277215858465868,36.87061126157224,-172.99999999999997,-82.95329624434882
F3,66,2,-0.006294673613961305,36.87060636983341,58.19999999999999,148.37209887493194
F3,66,3,-0.006491161272364742,36.87079669330799,140.2612177404421,-129.9280856926951
F3,66,4,-0.0064807206125683785,36.870727243150405,-7.26432655357878,82.68724374880827
F3,67,0,-0.006442115543221262,36.87077623941221,-158.97124256490136,-68.84202036484176
F3,67,1,-0.006622105596151633,36.8707667747636,-74.63494882292214,15.26700668573612
F3,68,0,-0.006442115543221262,36.87077623941221,-158.97124256490136,-68.84202032722884
F3,68,1,-0.006622105596151633,36.8707667747636,-74.63494882292214,15.267006679607382
F3,69,0,-0.006442115543221262,36.87077623941221,-158.97124256490136,-68.84202032255709
F3,69,1,-0.006622105596151633,36.8707667747636,-74.63494882292214,15.267006720814502
F3,70,0,-0.006517985304114691,36.87083643484656,-174.41266534793854,-84.37525020105942
F3,70,1,-0.006698564234162375,36.87083700672548,-92.3393102046771,-2.3236672192272145
F3,71,0,-0.006517985304114691,36.87083643484656,-174.41266534793854,-84.37525019354172
F3,71,1,-0.006698564234162375,36.87083700672548,-92.3393102046771,-2.3236672615301797
F4,0,0,-0.0045435373147791145,36.87426723204459,67.8471827849494,157.98126564535232
F4,0,1,-0.004287936523189347,36.873978047067304,115.2421318130455,-154.90599676383744
F4,0,2,-0.004500289317176968,36.874273696966725,46.682031641534834,136.87408542125698
F4,1,0,-0.004286949134680563,36.873982677878274,86.65206944878746,176.67443129617462
F4,1,1,-0.004537867427015423,36.87427230217623,115.97307200260438,-154.17813536723548
F4,1,2,-0.004495816348426674,36.87428348910581,40.69990821765673,130.89026340057586
F4,1,3,-0.004350481749724822,36.87396117070277,68.60815678294469,158.7385357468188
F4,2,0,-0.004288784188007152,36.87398164572695,89.80184536249537,179.8031718934403
F4,2,1,-0.004536623556703485,36.874270278031084,-18.67340356192994,71.20955241762992
F4,2,2,-0.004497423594338271,36.874283923738176,44.46215055133048,134.65455195120026
F4,2,3,-0.004337618832437653,36.87400990227306,83.80424604649964,173.84540337771423
F4,3,0,-0.004290157301404535,36.87397957291325,74.89833017404769,164.99485270506048
F4,3,1,-0.00453537213855624,36.8742716162488,-43.040368832930504,46.7676138851721
F4,3,2,-0.004499858126743083,36.87428612200566,54.928988808144894,145.1097639209941
F4,3,3,-0.004329943563019284,36.874002345788774,-10.45246693165309,79.47865659690117
F4,3,4,-0.004335744814908073,36.87400899493553,76.63108260393503,166.71739685747463
F4,4,0,-0.00428875536161682,36.873983517782136,71.16703275182428,161.2843027670335
F4,4,1,-0.004535476467442918,36.87426999827908,-6.2219327617993265,83.73646671528581
F4,4,2,-0.004496695663827629,36.87428815841335,52.6225907369703,142.8080787033819
F4,4,3,-0.00432730078024266,36.874005263125824,-29.118445790255272,60.71766000047903
F4,4,4,-0.004340606835181472,36.874014047273064,83.48276647067857,173.5260237027442
F4,5,0,-0.004291641279460943,36.87398661765697,86.70381710808331,176.7258348381352
F4,5,1,-0.004535862485855742,36.87427689932178,-4.0076102010183305,85.96546940377411
F4,5,2,-0.004500350356050762,36.8742956866005,52.58637669261895,142.77192919400045
F4,5,3,-0.004327151660094371,36.87401290000555,-27.48184185379995,62.36029972270813
F4,5,4,-0.0043396601309351555,36.874018332951835,81.85955468746087,171.91332670033128
F4,6,0,-0.004291368638191527,36.87398625258566,87.03965293670039,177.05943570853546
F4,6,1,-0.0044985442373853,36.8742956042546,52.833836513743506,143.01894225505902
F4,6,2,-0.004324504991191946,36.87401014445725,-35.17426615903789,54.64431320603876
F4,6,3,-0.0043448081615536155,36.874017889439344,92.25728800840196,-177.7578076658453
F4,6,4,-0.004536492405265512,36.874275331678994,-13.180765575264349,76.73353387204821
F4,6,5,-0.004536492405265512,36.874275331678994,-17.818177305886135,72.06940233316848
F4,7,0,-0.004535220417223452,36.87427095479401,-4.577650820841322,85.39163054211815
F4,7,1,-0.004290877818770557,36.87398415337774,106.55035549761003,-163.55443462358383
F4,7,2,-0.0045012028124842285,36.87429518072621,50.09244295136924,140.28172160694484
F4,7,3,-0.004322908158928226,36.874010367075094,111.5147092454995,-158.61627399669047
F4,7,4,-0.0043535225718071505,36.874021184554095,64.71778540383866,154.8660853538558
F4,8,0,-0.00453596387916468,36.87426723427549,1.6301845080320785,91.64116512872064
F4,8,1,-0.004292337294423661,36.8739822228963,95.23417084007754,-174.80067597012174
F4,8,2,-0.0045026136082465485,36.87429393308169,49.12213780886472,139.31248078700278
F4,8,3,-0.004317466269857909,36.87401176584689,121.30630485555325,-148.8642875167012
F4,8,4,-0.004364738187123535,36.874028334117625,12.273090044225194,102.35327295545183
F4,9,0,-0.004536695209408732,36.874268035633285,-6.667693621639159,83.28777813712733
F4,9,1,-0.004293046999359205,36.873985944479166,101.93873111430729,-168.13892012010302
F4,9,2,-0.00431487414310867,36.87401691604281,-41.69325682362571,48.115526436108325
F4,9,3,-0.004382656968390197,36.8740492310857,51.827095234864814,142.01393212537877
F4,10,0,-0.0045372896842661775,36.87426709708165,-6.416730772933789,83.54038799127136
F4,10,1,-0.0042995278968926,36.87398473479624,94.90901603324795,-175.12368778677472
F4,10,2,-0.004311588848087188,36.87402212349428,-2.6656354472878903,87.31642569131196
F4,10,3,-0.004387422919904095,36.87405773061922,-10.74078256241756,79.18853056899717
F4,10,4,-0.004507610125944051,36.8742970109649,42.01321539445222,132.20466067174144
F4,11,0,-0.004538272181478979,36.87426094586578,-6.971667793350593,82.98181368782842
F4,11,1,-0.00431231729670845,36.87402463203402,-14.767077596980617,75.13779061209922
F4,11,2,-0.004385995003752723,36.87406305478624,-22.286738847531865,67.57788991939582
F4,11,3,-0.004507157947656242,36.8742934870212,38.234826619552244,128.42205645896655
F4,11,4,-0.004300154027249641,36.87398576627271,90.52041342169169,-179.48307021156725
F4,12,0,-0.004320526325027001,36.87402319196349,-17.626103571857456,72.26252855070683
F4,12,1,-0.004312301615233385,36.87398066687164,85.71080771535647,175.7394150995019
F4,13,0,-0.004320029123399217,36.87402133473818,-9.951493214941307,79.98279270824021
F4,13,1,-0.004313223701033934,36.87397918610809,86.09373300566392,176.11980288769158
F4,13,2,-0.004395027957798703,36.874066248257336,-9.081636135264501,80.85818834620787
F4,13,3,-0.0045064173716409745,36.874289655228765,31.036752244939258,121.20703557029205
F4,13,4,-0.004535673847358559,36.87426008819644,9.049463807925527,99.10943337335175
F4,14,0,-0.004306323117585901,36.8739872312946,86.08458508694966,176.11071567922093
F4,14,1,-0.004534156803960073,36.8742639137377,21.783360228128956,111.9163018423526
F4,14,2,-0.0043115334738298835,36.874031964787896,-13.850877573409342,76.05940378438098
F4,14,3,-0.004506849462945023,36.874294773523,34.985887204974134,125.16688166093923
F4,14,4,-0.004387076119581785,36.87407494126735,6.818270828227021,96.86378562041807
F4,15,0,-0.004305932369935736,36.87398766138357,85.57086792919638,175.6004014466306
F4,15,1,-0.0045353945396204845,36.874263159248294,32.060601930098024,122.23398309483476
F4,15,2,-0.0045098515266724405,36.87429619971453,34.30753799420787,124.48693298329708
F4,15,3,-0.004392578351379802,36.87408319128226,5.833821546604716,95.87286467156089
F4,15,4,-0.00431365710863944,36.87403746538162,-3.967149630051071,86.00620001983232
F4,16,0,-0.004313390190909104,36.873988809625615,84.59976518173897,174.6357048548229
F4,16,1,-0.004511283523011923,36.87429689108847,32.45217007958412,122.6266773873398
F4,16,2,-0.0043129356766961795,36.87404417713428,-24.769620024285516,65.08365465892608
F4,16,3,-0.00453917406417993,36.87426660935905,50.31057632617839,140.49958582559373
F4,16,4,-0.004393386352143593,36.87408541474763,-4.92721146813056,85.03974673495999
F4,17,0,-0.004318012681339704,36.874007439361655,12.523683812292669,102.6053984089805
F4,17,1,-0.0045108577701206635,36.87429965195593,36.46302265069491,126.64714671957559
F4,17,2,-0.004536913974614814,36.87426889631787,62.95330759350207,153.10885922611817
F4,17,3,-0.004308046223081934,36.874050202544986,-36.03258143792538,53.78415611636491
F4,18,0,-0.00432002077042519,36.87402217717913,-16.49858440683902,73.39632609351116
F4,18,1,-0.004511915004245433,36.87430172850737,40.750399439301205,130.94080392900568
F4,18,2,-0.004310713187553161,36.87405283163324,-18.158980314604932,71.72674450185019
F4,18,3,-0.004392125419842238,36.87409194231161,-5.9146544793738265,84.04576915550241
F4,18,4,-0.004535823540297248,36.874267717492415,65.74844983423927,155.89225345897046
F4,19,0,-0.00453838912043282,36.87427036776513,73.37129370808138,163.4765235796611
F4,20,0,-0.004535768251828972,36.87426773048903,83.60225506966847,173.64473235285112
F4,20,1,-0.004316004127665977,36.874051620405695,-6.420077544359844,83.53701925577495
F4,20,2,-0.004516134014017623,36.87430100263605,50.92669261371523,141.11488289652667
F4,20,3,-0.004310111730761735,36.87405300069596,-6.706138392722265,83.24908138011587
F4,21,0,-0.004324306956772016,36.874059652652846,5.618378760817816,95.6559991148151
F4,21,1,-0.004315231101442062,36.874056271254254,4.150780564526359,94.17865598737816
F4,21,2,-0.004396993671937478,36.87410019156163,7.489071115498001,97.53896505030866
F4,21,3,-0.004519081712476031,36.87429955510718,45.65301809843946,135.84537663080212
F4,21,4,-0.00453873720130547,36.87426617431373,92.01381186930887,-177.99965837781897
F4,22,0,-0.004319196038088099,36.87406397695828,32.694406055276204,122.8695937179262
F4,22,1,-0.004312199661484522,36.87406113671897,1.2013444906884025,91.20943855670461
F4,22,2,-0.004392991564479264,36.87410739308218,74.63751634424187,164.73554595605458
F4,22,3,-0.00451639393172073,36.87430392701835,51.59238722699286,141.77959468916615
F4,22,4,-0.004534577054408122,36.874273679442894,109.42786799089647,-160.69253632619757
F4,23,0,-0.004320490337095901,36.87406589761826,5.9298644040622435,95.96954107248466
F4,23,1,-0.004314726153281625,36.874062822450185,24.857938677497394,115.00504794299066
F4,23,2,-0.004396274266128782,36.87410699645908,-7.315161140600237,82.63607769887136
F4,23,3,-0.004519841133499789,36.8743005621473,53.57619071794871,143.75987382419135
F4,23,4,-0.004534336074783396,36.87426983830505,-31.930376043737287,57.89662452873617
F4,24,0,-0.0043247472723225685,36.874062639205185,21.506475499086875,111.6380630216621
F4,24,1,-0.004314562085832378,36.874059721688766,7.565262779161021,97.6156524078386
F4,24,2,-0.004516274534730751,36.87429946496176,52.727581331172814,142.91288061615342
F4,24,3,-0.0043969905782399905,36.87410383348017,18.906001441019853,109.02428494414563
F4,24,4,-0.0045332513285639255,36.8742702888182,-35.028213506131344,54.79069556344215
F4,25,0,-0.004318233045764997,36.874064062410156,3.218131245846539,93.23977378775432
F4,25,1,-0.004517514367618975,36.87429621190519,50.89486447819896,141.08309920086901
F4,25,2,-0.004397487197388856,36.87410240310947,14.737019007790801,104.83197474072512
F4,25,3,-0.004532323250368461,36.874267466374114,-36.65674624499024,53.15875549763612
F4,25,4,-0.004326016311079659,36.874061280447634,22.62713153106055,112.76412189660907
F4,26,0,-0.004319707410826832,36.874065986154484,-2.441298218175983,87.54226877529481
F4,26,1,-0.004516604099778552,36.874295275255044,50.80055292335288,140.98891801473206
F4,26,2,-0.004400037397856508,36.874102369459074,20.151933442679315,110.27672058582628
F4,26,3,-0.004326230843641216,36.87406107018324,16.632477810730578,106.73832166580674
F4,26,4,-0.004531581197615656,36.87426637529401,-18.911681258636893,70.97000504368546
F4,27,0,-0.0043188891449660845,36.874067818603855,-6.024431706779225,83.9352682551028
F4,27,1,-0.0045150067835447215,36.874296954002304,51.780295904853695,141.96720765556472
F4,27,2,-0.004400466676265459,36.8741046678359,63.920461829903964,154.07210951210772
F4,27,3,-0.0043245431458275255,36.87406525771946,-12.528884975381178,77.38936871213204
F4,28,0,-0.004315704578551157,36.87407060411536,-12.06692468285311,77.85415718966077
F4,28,1,-0.004321303524424864,36.87406963391732,11.099167500235868,101.17209465657378
F4,28,2,-0.004396349149549109,36.874107691029266,78.41412254622435,168.48960613793327
F4,28,3,-0.004512097092190588,36.87430136125878,50.904244841956874,141.09246648376475
F4,28,4,-0.004519647828182599,36.874272351797316,66.93782675891347,157.07621229732752
F4,29,0,-0.004327549434810303,36.87406732298116,9.092058110637238,99.15230034342412
F4,29,1,-0.0043187327344117645,36.87406683392334,-24.613995613874565,65.23995901602365
F4,29,2,-0.004519128886736222,36.8742683493687,76.52614437374642,166.61308614355278
F4,29,3,-0.004403278186375767,36.87410750200183,61.671992853283136,151.83244443974766
F4,30,0,-0.004329684248210823,36.87406515423595,25.306231039560416,115.45526732427315
F4,30,1,-0.0043198187140229185,36.874066535808176,-16.026852862311785,73.8707336745717
F4,30,2,-0.004400691988276652,36.87410243867096,40.307792458982064,130.4977444348227
F4,30,3,-0.004519626769414876,36.87429569153516,56.568317052272,146.74503065770335
F4,31,0,-0.004320283371124755,36.874066259219056,-20.07065038238286,69.8049796584796
F4,31,1,-0.004402600667296464,36.87410237071362,37.683197742564445,127.86953709501509
F4,31,2,-0.0045182875514781515,36.87429492476214,59.199690636237484,149.36868660495358
F4,31,3,-0.0045127639608932004,36.87426170710861,82.72533044395311,172.77351330100595
F4,31,4,-0.004329585809543824,36.874065734226335,60.3332841207823,150.49851406350493
F4,32,0,-0.004321690680763347,36.87406815212332,-20.835819990537793,69.03592337903032
F4,32,1,-0.004403640679157472,36.874104834643006,59.31321660909037,149.48184722949196
F4,32,2,-0.004518522011452146,36.87429682703172,57.889080530884804,148.0621020838061
F4,32,3,-0.004507467185715498,36.874266204474125,89.82584544514194,179.82701130732815
F4,32,4,-0.004330498692028664,36.87406326530409,31.739691544189768,121.91212549597837
F4,33,0,-0.004318630674404667,36.874069084000425,-16.11309227852042,73.78400292162782
F4,33,1,-0.004503630742552244,36.87426414206934,82.50020932896354,172.54984988937215
F4,33,2,-0.004515488887684625,36.874297935909134,56.47027367157137,146.6472465151172
F4,33,3,-0.004357306840525039,36.87408483130505,70.2448889250284,160.36699551672245
F4,33,4,-0.004399777838952877,36.8741050726609,62.60174521248778,152.7586724910971
F4,34,0,-0.004317833511954887,36.874067238716385,-18.993817408871003,70.88743317517668
F4,34,1,-0.0045054112996457665,36.87425943809275,64.78833718729494,154.93633526905154
F4,34,2,-0.004514207124467485,36.87429448186769,63.45783441362146,153.61137114186346
F4,34,3,-0.004401510033513053,36.87410231966591,39.44133130274833,129.63026591899845
F4,34,4,-0.004385033985961789,36.87410001156779,82.77304686116943,172.82092034238
F4,35,0,-0.0043181090655966346,36.87406462173178,-34.59670418440247,55.2232066086572
F4,35,1,-0.0045052943789290825,36.874255720760665,61.50283804528974,151.66391286612054
F4,35,2,-0.004518182855668842,36.874290230486125,71.54315758179834,161.65841987385133
F4,35,3,-0.004402879575964798,36.87409869822229,26.61508801678719,116.76953872449533
F4,35,4,-0.004388486910819709,36.87409687088926,20.47807465201311,110.60452543987827
F4,36,0,-0.004321807408726382,36.87406313137426,-23.0292990880936,66.83182269807844
F4,36,1,-0.0045029113341358866,36.87425304390304,60.65018754930272,150.81431839612583
F4,36,2,-0.004518971022196463,36.87429169140314,71.36446109472325,161.4806797316283
F4,36,3,-0.004403738867496417,36.87409876741707,3.954243550185062,93.98080776859777
F4,36,4,-0.0043915737324134755,36.87409753783805,74.60150782988757,164.69974495574803
F4,37,0,-0.0043204887277312,36.87406718409911,-22.281259865624996,67.58339511714888
F4,37,1,-0.004502556225030825,36.87425441993475,57.33143344825276,147.50605898618588
F4,37,2,-0.004401349011991548,36.87410123893057,-3.5141196537482537,86.4622569020683
F4,37,3,-0.004393902971978079,36.87410208127557,6.207138026905417,96.24864119286923
F4,37,4,-0.004519821629119128,36.874291240630356,55.210446050930734,145.39056539508067
F4,38,0,-0.004317846535567539,36.8740693576317,-31.98709997068476,57.83973389412739
F4,38,1,-0.004503018923645288,36.87425793149134,64.9285158159762,155.07591166138963
F4,38,2,-0.0044016270025468455,36.8741032512678,-0.9409997138562929,89.05265957772913
F4,38,3,-0.004394520024822276,36.87410391740421,80.54287575452452,170.6050530079271
F4,38,4,-0.004523423195862068,36.874294218925506,65.02258089161373,155.16957069566354
F4,39,0,-0.004318066705494426,36.874070197764816,-36.12953873459482,53.68700110500161
F4,39,1,-0.00450489291120593,36.87426023442482,67.24536816646085,157.38231383411025
F4,39,2,-0.004406035009933004,36.8741058323643,9.627189512803305,99.69084556329922
F4,39,3,-0.004397327368926098,36.87410507253581,31.254179854648754,121.4251394499296
F4,39,4,-0.004524455042397938,36.87429624208731,59.23583178890778,149.40471170362392
F4,40,0,-0.004315546414210614,36.874072356145724,-30.596841661843943,59.23427337172777
F4,40,1,-0.004502247740101995,36.874257984571585,68.79841511197787,158.9278536876477
F4,40,2,-0.0044028831120667715,36.87410436438519,32.87134855861886,123.04702515004071
F4,40,3,-0.0043971691013388265,36.874106236192006,28.815163035966634,118.97797879494463
F4,40,4,-0.004523106703268758,36.87429519943519,66.69920989910074,156.83870177084657
F4,40,5,-0.0043971691013388265,36.874106236192006,26.54515618203238,116.69932568019756
F4,41,0,-0.004315131463538126,36.874072213870676,-42.398102055323314,47.41020943491533
F4,41,1,-0.004498789401807197,36.874255231605254,72.12654395026084,162.23865340721287
F4,41,2,-0.004403802984753859,36.874104601531805,46.80252402924325,136.9945259585602
F4,41,3,-0.004525947302446809,36.87429647205481,66.79562908254178,156.93467508185662
F4,41,4,-0.004395262464092766,36.87410580770627,-5.0396823149227155,84.92652944318863
F4,42,0,-0.004314345684974336,36.874072877152116,-36.498765147473414,53.317041110197565
F4,42,1,-0.0044967697258444525,36.874252635155464,50.16165744663424,140.35085191479254
F4,42,2,-0.004406302808906979,36.874103745414374,76.7221503286394,166.8079191080215
F4,42,3,-0.004525465402140189,36.87429433455078,70.01452055314786,160.1378159915388
F4,42,4,-0.004395955596179481,36.87410456192361,21.17979044935537,111.30976442296857
F4,43,0,-0.00431612168918691,36.87407077330968,-29.55863777940662,60.275935512372705
F4,43,1,-0.004497895097673769,36.87425077809503,64.01960160150071,154.1708393227462
F4,43,2,-0.004406011087486579,36.874104809407456,112.81631330949696,-157.32092241819157
F4,43,3,-0.004525044609820072,36.87429338187392,66.48876574294195,156.6292252529608
F4,43,4,-0.004396212713563843,36.87410383590695,11.156322606613685,101.22960600576145
F4,44,0,-0.00431145521440535,36.87407123956987,96.09985300165022,-173.9406769168492
F4,44,1,-0.004496705261446145,36.87425125146257,53.34583659948536,143.5299743511584
F4,44,2,-0.004405711811453705,36.87410360911572,34.45876517191347,124.63852549688282
F4,44,3,-0.004525285533835648,36.87429373849111,53.68851812791561,143.87197521002423
F4,44,4,-0.0043989005811301465,36.874105980709885,47.77060759736191,137.96206954152234
F4,45,0,-0.004309917407196128,36.874070695819356,96.2264424749545,-173.81491559205847
F4,45,1,-0.004409207858542182,36.87410414257022,72.18391245072007,162.29570937169166
F4,45,2,-0.004529778287338328,36.874294842564176,53.39241404743921,143.57646080759432
F4,45,3,-0.004399230942159793,36.8741054953687,27.75502607234769,117.91392859048797
F4,45,4,-0.004495136183357418,36.87424918176095,61.896550533508226,152.05616620402432
F4,46,0,-0.004309260399283851,36.874072866380835,94.2036359011309,-175.8244049387144
F4,46,1,-0.004529048904038692,36.87429497509441,42.75871742943285,132.9506023864195
F4,46,2,-0.004409734245281402,36.87410530825503,75.80389325837623,165.8951221157202
F4,46,3,-0.004400314071440817,36.874107140445126,30.13299628354062,120.30036345485642
F4,46,4,-0.004491550076421646,36.874249108687685,92.7174108264123,-177.3007535361328
F4,47,0,-0.004305827941076132,36.87407342120474,98.26942485689523,-171.785175772305
F4,47,1,-0.0045324656402470865,36.87429580908711,47.90386102644922,138.09523151057277
F4,47,2,-0.0044097073821006095,36.87410849063018,18.013113090799365,108.12659638073531
F4,47,3,-0.004401976419219839,36.87410829628155,37.487349183092924,127.67335573559116
F4,47,4,-0.004491336026055466,36.87424967437818,94.0764946868346,-175.95070381922073
F4,48,0,-0.0043035810742562,36.87407476866584,96.31073421826525,-173.73117476559142
F4,48,1,-0.004531340339275147,36.87429803033299,57.37652243512786,147.55102073556088
F4,48,2,-0.004409692694866526,36.87410910570052,32.00973060074194,122.18296308360958
F4,48,3,-0.004401611875114453,36.874109483027794,32.16808927312897,122.3417828222566
F4,48,4,-0.004488961301641656,36.874249067266135,89.62737252531687,179.62986698185847
F4,49,0,-0.004298754003020982,36.8740753081634,81.10050019676686,171.15913259262402
F4,49,1,-0.004531532086902851,36.87429788690695,63.43679339980326,153.5904151591446
F4,49,2,-0.0044091902478143085,36.8741109389686,19.4931883506432,109.61456577118652
F4,49,3,-0.004399656381965158,36.874110078869435,45.28209240568777,135.4744999043373
F4,49,4,-0.004488705191796344,36.874250811706,88.9455958920665,178.95265283643695
F4,50,0,-0.0042983786443975625,36.87407658475982,75.93293243017871,166.0233994611397
F4,50,1,-0.00453259904230016,36.874302016474786,76.51290852123213,166.59992933986118
F4,50,2,-0.0044073566503036584,36.87410859151978,-2.796707256192292,87.1844745747255
F4,50,3,-0.0044029734541710455,36.87411396415978,49.30421079181047,139.4943706713743
F4,50,4,-0.004490163612802734,36.87425312173791,97.59214115360061,-172.4580965062009
F4,51,0,-0.004534690334382852,36.874307052237555,66.6880849938255,156.8276281723266
F4,51,1,-0.004408489746665813,36.87411189921679,40.28899734936983,130.47892908848223
F4,51,2,-0.004401488866377739,36.8741154133445,34.92944022115019,125.110305466332
F4,51,3,-0.004491040217261938,36.8742543457521,90.80774218048731,-179.19766443416253
F4,51,4,-0.0042896679417340775,36.87407799306386,72.5918298914427,162.7013917430804
F4,52,0,-0.004537030517203862,36.87431002103375,62.23395958610704,152.39230085308424
F4,52,1,-0.004406679139128147,36.87411572745347,13.13594022709572,103.22137026700781
F4,52,2,-0.0044018600234299295,36.874116995755045,47.63239721960794,137.82394964803308
F4,52,3,-0.004491792334517134,36.87425716521194,90.07987398937533,-179.92066069702423
F4,52,4,-0.0042877502766627525,36.87407719471534,68.59860206048776,158.7290280627852
F4,53,0,-0.004538945645289293,36.874306744487384,74.31742238731934,164.4172907143543
F4,53,1,-0.004407753047693676,36.87411709309402,12.393056576398251,102.47397352205924
F4,53,2,-0.004402513185676643,36.87411908945689,74.72545341353475,164.82297583013076
F4,53,3,-0.004488091795369306,36.87425484075232,81.55685904051987,171.61257395645978
F4,53,4,-0.004285649905106672,36.874078561619136,60.86660706027444,151.02997587953394
F4,54,0,-0.0045387982047142205,36.87430575627162,49.03492486113192,139.22535284960824
F4,54,1,-0.004407855364432385,36.87411855461484,-17.63327027281374,72.25532248225898
F4,54,2,-0.0044005448165893996,36.87411571970563,21.594706212196787,111.72672655801516
F4,54,3,-0.004489880941311022,36.87425369983441,80.1985186832828,170.26287337613408
F4,55,0,-0.004485186554515009,36.87425016255241,52.17833573356579,142.36459468107856
F4,55,1,-0.004537033404450806,36.87430368551684,63.100719888020365,153.25568771185215
F4,56,0,-0.004409592477045453,36.87410973043401,53.364013628428935,143.54811592427475
F4,56,1,-0.004543177642684411,36.874294248968525,66.34089532576466,156.482030310985
F4,56,2,-0.004491748680099079,36.874240946461335,76.90505322188989,166.98972382219043
F4,57,0,-0.004542863751312712,36.8742918293684,62.73285222255575,152.88926922546813
F4,57,1,-0.004489335820096981,36.874238906857606,71.30072050832113,161.41727917398475
F4,57,2,-0.004407028700724925,36.874106895428184,18.61961196531248,108.73636823320793
F4,57,3,-0.004419870970961956,36.87411204257943,29.390532113894295,119.5553782102216
F4,57,4,-0.004310209936989475,36.87409917101696,38.68854209661192,128.87645226569666
F4,58,0,-0.00448452701981895,36.87424198979724,74.01607636094494,164.11766437592544
F4,58,1,-0.004541511493061583,36.874295860001006,64.08836964874122,154.23932189325322
F4,58,2,-0.004417367254749259,36.874114749664614,37.43252231492187,127.61843412211186
F4,58,3,-0.004404902255001943,36.874110607420626,27.026520941872178,117.18260717452102
F4,59,0,-0.004544102748355302,36.87430091407573,68.45043168496841,158.58158595338054
F4,59,1,-0.004485942061914715,36.874243230224785,77.31843589480964,167.4006119654535
F4,59,2,-0.004417526449110289,36.87411926900998,41.69527002653298,131.8864882497434
F4,59,3,-0.004405437116639743,36.87411215529915,44.2504665953559,134.4428408619501
F4,59,4,-0.0044053217160032855,36.874111726845705,44.64962652875892,134.84204324655968
F4,60,0,-0.004550104996338231,36.87429740141539,58.64047617135565,148.8112333220704
F4,60,1,-0.004424107213055276,36.87411689868623,36.803047335991685,126.9878225829275
F4,60,2,-0.004492364514064841,36.874239505410706,60.88232481063893,151.04563787345722
F4,60,3,-0.004414521848593717,36.87411329423284,43.13725690712679,133.3293154171319
F4,60,4,-0.004315284249547673,36.87410874331653,1.658185531017466,91.66935457331758
F4,61,0,-0.004545991721729016,36.87430181119557,78.00536791283284,168.08336144454478
F4,61,1,-0.004486757467450379,36.874243454963505,50.048234992167984,140.23756689150198
F4,61,2,-0.004420052095650189,36.87412113350305,20.02305756797562,110.1471828141654
F4,61,3,-0.004410471459718354,36.8741162788063,35.30349809824355,125.48520656105916
F4,62,0,-0.004546408788054748,36.874303349001615,87.7097468981661,177.72506256043275
F4,62,1,-0.004486722057231456,36.87424275632621,27.93986022950621,118.09946092006649
F4,62,2,-0.004418025656536309,36.87412578751357,10.301719217740887,100.36964629951083
F4,62,3,-0.004411540467984352,36.874122225973615,16.95044460579141,107.0580704817491
F4,62,4,-0.004310543742567651,36.87411690639405,4.925055499306305,94.95808299517967
F4,63,0,-0.004553353441938328,36.87429875268034,104.74393917862406,-165.35050332475984
F4,63,1,-0.004491431240022814,36.87424123614908,-21.158095367321437,68.71203841741841
F4,63,2,-0.004425196159868567,36.87413022950615,18.243723171079836,108.35845707578873
F4,63,3,-0.004413189750754141,36.874121090972146,2.059521684446242,92.07338975402025
F4,63,4,-0.004320556116632676,36.87412691287269,63.39423377988897,153.54802721684135
F4,64,0,-0.0045541024169092805,36.87429849040701,95.52809579891672,-174.50868443806158
F4,64,1,-0.0044917676994821664,36.87423832658788,-14.111105383744333,75.7976288010523
F4,64,2,-0.004424284296006777,36.874130973701746,6.509414722380491,96.5529045985606
F4,64,3,-0.004415362967298141,36.87412058306235,9.082830524390518,99.14301370066447
F4,64,4,-0.004325023505176693,36.874133308664234,49.53473921593034,139.72465624717313
F4,65,0,-0.004554682598098002,36.87430107628801,102.3848565908608,-167.69551854872702
F4,65,1,-0.00449007977341427,36.874238905379684,11.844315612892123,101.92186346753793
F4,65,2,-0.004423153939714484,36.874136225985495,5.577006705348335,95.6143535880912
F4,65,3,-0.004413693442660871,36.87412333011504,17.01338804269883,107.12136509241566
F4,65,4,-0.004327171078291712,36.87414087880365,16.8697086343684,106.97688329136513
F4,66,0,-0.004553547326737813,36.87430222623647,96.41862843570047,-173.62398524889625
F4,66,1,-0.004484275178497808,36.87423677196894,9.210176360599187,99.27117398128102
F4,66,2,-0.004422305478125303,36.874144357639764,5.5651785840015595,95.60244726682681
F4,66,3,-0.004413723155285237,36.874125515740936,20.291542807529368,110.41704412494448
F4,66,4,-0.0043250833111090495,36.874145772822054,3.9767229844035583,94.0034372403125
F4,67,0,-0.004549223600186493,36.87430589633121,-21.090624187483073,68.77984519800435
F4,67,1,-0.004482925611164225,36.874236486953656,23.797537569287954,113.93994511435024
F4,67,2,-0.004420832506402567,36.874150400616976,-7.2762628552185245,82.67522960247801
F4,67,3,-0.004411475608420068,36.87412679384393,22.527592710357837,112.66411161652397
F4,67,4,-0.0043249151424646195,36.874149780793154,3.8652591038532016,93.89122924632598
F4,68,0,-0.004546839873792094,36.87430822602402,-16.832979259113948,73.06005164902014
F4,68,1,-0.004483522702281806,36.87423749153145,28.353047665067315,118.5141849016399
F4,68,2,-0.004421427554744422,36.87414801007456,-7.7054606559746475,82.24323854900604
F4,68,3,-0.004412031030841794,36.87412745074648,23.014185228819976,113.15299300013571
F4,69,0,-0.004546089065568419,36.87430358365901,-18.326473474744553,71.5583456782379
F4,69,1,-0.004480298302984786,36.874237081705424,-5.8841907022928535,84.07643385761222
F4,69,2,-0.004420053317027911,36.87415215863433,-21.613707577306712,68.254179003056
F4,69,3,-0.004411908493400538,36.87412669906014,28.110971978669532,118.27121305122533
F4,70,0,-0.004548491384586107,36.87430492144791,-29.772389426391968,60.06145383936221
F4,70,1,-0.00448222929264248,36.8742392075061,23.07181716853927,113.21089335782817
F4,70,2,-0.004418979480131996,36.874154693331135,-9.763767882958831,80.17170831622082
F4,70,3,-0.004411726133752911,36.874129822907975,21.684620555302317,111.81708072700654
F4,71,0,-0.004547295424178362,36.87430813192419,-31.140680515364863,58.688711637753244
F4,71,1,-0.004481309564235245,36.874239114072026,20.12568794465085,110.25034049015017
F4,71,2,-0.004417141249230471,36.8741580607985,-14.484020399276451,75.42250996175885
F4,71,3,-0.004411633035080084,36.87413508108966,12.745709786706138,102.82877618464435
F4,72,0,-0.004547890003775169,36.874303635839084,0.3552782474333629,90.35767257222592
F4,72,1,-0.0044785265767451005,36.8742370719184,-9.853384236525178,80.08152338918168
F4,72,2,-0.004418048101235099,36.874163792597834,-8.106638415092611,81.83946039954581
F4,72,3,-0.004411890867875476,36.87413523162602,-22.62827408565264,67.23473017837178
F4,72,4,-0.0044066191464198585,36.87414667144318,95.15841913942734,-174.87592880297393
F4,72,5,-0.004275749658665951,36.87406912418547,72.4985737544396,162.60864851814557
F4,73,0,-0.004548316009294195,36.87430269232538,11.537567565277117,101.6132194937758
F4,73,1,-0.0044188201965540425,36.87416309718234,-0.6309567964804224,89.36479122035364
F4,73,2,-0.004411421610703621,36.87413529643374,-21.309970408498167,68.55941058930749
F4,73,3,-0.0044093821617616335,36.87414711322552,86.47687772819314,176.50040403711867
F4,73,4,-0.004282559418729591,36.87406954751164,88.23527990347544,178.24708622450245
F4,73,5,-0.0044790424546086146,36.87424386217681,23.959182904383233,114.10232001591373
F4,74,0,-0.004548435302623648,36.87429933973928,-0.13722154900881556,89.86185364071834
F4,74,1,-0.004417362141539489,36.87416595603269,29.247640172953048,119.41198822826279
F4,74,2,-0.004404218936916256,36.87414106302272,-43.37494708015256,46.43290262533273
F4,74,3,-0.004481040102046117,36.87424362376533,25.710516936621012,115.86125961129349
F4,74,4,-0.00441235806520245,36.87414188575742,42.68809568267876,132.87994459677586
F4,74,5,-0.00428272975484422,36.87406935447547,71.65209349548236,161.76677066019187
F4,75,0,-0.0045505906903315785,36.87429826174083,-2.1923263602943743,87.79291301821239
F4,75,1,-0.004420147617445043,36.87416532818008,11.179955365763208,101.25338596024513
F4,75,2,-0.004404134245755821,36.87413840464263,106.89494706935534,-163.21177133364233
F4,75,3,-0.004416044968989616,36.87414117147559,-22.50894278268749,67.35462686250503
F4,75,4,-0.004296410262070924,36.87406106859441,87.09730790817085,177.11670669486372
F4,75,5,-0.00448380384624983,36.874245600035636,49.0488206399559,139.23923523334165
F4,76,0,-0.0045521237430325556,36.87429385781121,-18.510007557717884,71.37382379496691
F4,76,1,-0.00440069703497603,36.87415929913141,81.24822358466213,171.30591316520784
F4,76,2,-0.004402998190397293,36.8741363385054,102.64614185808297,-167.43581966438393
F4,76,3,-0.00442010246646631,36.87412993016812,-10.819553365753995,79.10926639265818
F4,76,4,-0.004316370979753288,36.874037529144196,-36.2555964627459,53.56068948190586
F4,76,5,-0.00442010246646631,36.87412993016812,-3.9520314020996032,86.02141914855754
F4,76,6,-0.0044870337431831735,36.87424507305252,44.10673109575017,134.29908091917514
F4,77,0,-0.004550189205393142,36.874288608478025,4.77959540440493,94.81165672540271
F4,77,1,-0.004397104557671856,36.87415566178255,59.08944777124186,149.25879601551875
F4,77,2,-0.004401428473439292,36.874134355905504,98.71222593731216,-171.34521099693083
F4,77,3,-0.004316631872839658,36.87403294553302,-30.524853104006738,59.30649457090468
F4,77,4,-0.004485023826273892,36.87424109742211,41.52264459077081,131.7137297139025
F4,77,5,-0.004420345357245184,36.87412761463658,-11.046827104694968,78.88057221225525
F4,78,0,-0.004550813726351181,36.874288218033314,4.939127936637146,94.972248842631
F4,78,1,-0.004396571562547372,36.87415457668836,71.22316150941415,161.34013310591155
F4,78,2,-0.004400614899899663,36.874137583522376,55.63895797138897,145.8180457329473
F4,78,3,-0.00431743128023442,36.87403594386079,58.18002843857317,148.35218720256998
F4,78,4,-0.004417288024024246,36.874122309013934,5.060479691650883,95.09440590983196
F4,78,5,-0.004483921826629135,36.874241432080495,50.352387320723125,140.54134401421646
F4,79,0,-0.004551646280379477,36.87428840118389,21.276416172096013,111.40686918135707
F4,79,1,-0.004394716437629699,36.87415604917202,62.05067550315437,152.20971175139505
F4,79,2,-0.00431881527456897,36.87403717612401,26.9314801227057,117.08719140424692
F4,79,3,-0.004417972622744868,36.874124095741095,7.130897036849493,97.17845600397327
F4,79,4,-0.004486359144758125,36.87424457191677,48.17833973175118,138.3695088184861
F4,79,5,-0.004403846757764535,36.874138886285074,-25.605506804124197,64.24419087467844
F4,80,0,-0.007209222494909841,36.874381146207945,190.31593654799843,-56.85188734177305
F4,81,0,-0.007255258771326325,36.8740365034746,179.3932113704134,-90.61087778673378
F4,81,1,-0.007246572066024572,36.87409720544929,172.1880462023491,-97.86394591055928
F4,82,0,-0.00723929638720509,36.874019707323164,-6.386423740064419,83.5708941486496
F4,82,1,-0.007228195607712067,36.874108097132115,-18.396594086613355,71.4878470870054
F4,82,2,-0.007226137291176506,36.8741285334765,-16.16072295973209,73.73610125523835
F4,82,3,-0.00723702993298675,36.874042031314055,-6.258803768868869,83.69935314091686
F4,82,4,-0.007243316327981544,36.87404831678767,-14.44724543039688,75.45950154257456
F4,83,0,-0.0072387969025482606,36.87403959335331,0.937206726544721,90.94352187030071
F4,83,1,-0.007261174502363982,36.87402884970139,-17.50516219357701,72.38413521558715
F4,83,2,-0.007299516013650424,36.874067427294726,20.545217838960987,110.67200906849492
F4,83,3,-0.007277595111578988,36.874026152243204,-3.5426244442624295,86.43356145844538
F4,83,4,-0.007240049124275898,36.874047728147914,74.10144043195031,164.20254238430525
F4,83,5,-0.007304134676042521,36.873978101789646,32.01348605334509,122.18672949136808
F4,83,6,-0.007241617923613135,36.874032145572826,91.10812271330242,-178.89929380211203
F4,83,7,-0.007288636928970878,36.87401351078192,-3.9880697245040366,85.98514027959033
F4,83,8,-0.007241877383808219,36.87402882900501,76.6880354855645,166.77400872666541
F4,84,0,-0.007260557794760484,36.8740317703659,33.419384776475,123.59653310342671
F4,84,1,-0.007277365903064864,36.874032529295775,-3.8334444864947894,86.14079781705172
F4,84,2,-0.007288647214294757,36.87401903337543,-9.15660255155547,80.78274228353308
F4,84,3,-0.00730276070356237,36.873981733028,62.07296173653424,152.2319137789389
F4,84,4,-0.007255264279878637,36.873900283325106,10.394016611974513,100.46252520538367
F4,85,0,-0.007255349780269355,36.87389971340873,-35.0407308174687,54.77814982290946
F4,86,0,-0.007246038554914274,36.87392517595071,-35.248015064954835,54.57039947985085
